Código;Nombre comercial;Razón social;Dirección;Población;CP;Horario;Confianza;Fuente asociada;Tipo fuente;Fecha comprobación;Nota horario;Estado;Jornada;Orden;Día previsto;Hora prevista;Estado previsto
1583;INDUSTRIALES Y FURGONETAS DEL SUR SL;INDUSTRIALES Y FURGONETAS DEL SUR SL;Calle GEA 3, 41710, Utrera, Sevilla, España;Utrera;41710;NO VERIFICADO;unknown;;public-search;2026-09-21;No se ha encontrado un horario público inequívoco para esta ficha. Confirmar antes de visitar.;unknown;15;3;Viernes;10:58;Horario no verificado · confirmar antes
1532;REPLAC;MANUEL MATAS MONTAÑO REPLAC;Calle ARROYO 23 (LOCAL), 41003, Sevilla, Sevilla, España;Sevilla;41003;Lunes 09:30-13:45 / 17:30-19:30 | Martes 09:30-13:45 / 17:30-19:30 | Miércoles 09:30-13:45 / 17:30-19:30 | Jueves 09:30-13:45 / 17:30-19:30 | Viernes 09:30-14:00 | Sábado Cerrado | Domingo Cerrado;high;Replac M Matas placas de matrícula rótulos;google-maps;2026-09-21;;verified;9;9;Jueves;12:29;Abierto · cierra 13:45
1526;CORTATE ROTULACIONES Y PROYECTOS SOCIEDAD LIMITADA;CORTATE ROTULACIONES Y PROYECTOS SOCIEDAD LIMITADA;Calle PERGAMINO 11, 41016, Sevilla, Sevilla, España;Sevilla;41016;Lunes 08:00-14:00 / 15:00-17:00 | Martes 08:00-14:00 / 15:00-17:00 | Miércoles 08:00-14:00 / 15:00-17:00 | Jueves 08:00-14:00 / 15:00-17:00 | Viernes 07:00-15:00 | Sábado Cerrado | Domingo Cerrado;high;Córtate Rotulaciones y Proyectos;official-web;2026-09-21;;verified;8;1;Miércoles;08:00;Apertura 08:00 · cierra 14:00
1523;REPUESTOS EDUARDO;MANUEL LOPEZ RODRIGUEZ;Calle HOSTELERIA 12 POLIGONO INDUSTRIAL SAN RAFAEL, 41620, Marchena, Sevilla, España;Marchena;41620;Lunes 09:00-14:00 / 16:00-20:00 | Martes 09:00-14:00 / 16:00-20:00 | Miércoles 09:00-14:00 / 16:00-20:00 | Jueves 09:00-14:00 / 16:00-20:00 | Viernes 09:00-14:00 / 16:00-20:00 | Sábado 10:00-13:00 | Domingo Cerrado;high;Auto Recambios Eduardo;google-business;2026-09-21;;verified;15;7;Viernes;16:00;Apertura 16:00 · cierra 20:00
1514;(TECONOMOVIL);JOSE GUTIERREZ VALLE;P.I. EL MURO C/TECNOLOGIA, 18-20, 41720, Los Palacios Y Villafranca, Sevilla, España;Los Palacios Y Villafranca;41720;Lunes 07:00-15:00 | Martes 07:00-15:00 | Miércoles 07:00-15:00 | Jueves 07:00-15:00 | Viernes 07:00-15:00 | Sábado Cerrado | Domingo Cerrado;high;Tecnomóvil;google-business;2026-09-21;;verified;5;7;Viernes;11:41;Abierto · cierra 15:00
1511;PEDRO RODRIGO BENITEZ ARVEZ;PEDRO RODRIGO BENITEZ ARVEZ;Avenida DEL ALJARAFE 65 LOCAL 2, Bormujos, Sevilla, España;Bormujos;;NO VERIFICADO;unknown;;public-search;2026-09-21;No se ha encontrado un horario público inequívoco para esta ficha. Confirmar antes de visitar.;unknown;16;1;Lunes;10:00;Horario no verificado · confirmar antes
1502;HISPANIA DE IMPORTACION Y VENTA Sl;HISPANIA DE IMPORTACION Y VENTA Sl;Avenida CRISTOBAL COLON 39, 41701, Dos Hermanas, Sevilla, España;Dos Hermanas;41701;Lunes 09:30-14:00 / 16:30-21:30 | Martes 09:30-14:00 / 16:30-21:30 | Miércoles 09:30-14:00 / 16:30-21:30 | Jueves 09:30-14:00 / 16:30-21:30 | Viernes 09:30-14:00 / 16:30-21:30 | Sábado 10:00-13:30 | Domingo Cerrado;high;PlusAuto Motor;google-business;2026-09-21;;verified;2;4;Martes;09:30;Apertura 09:30 · cierra 14:00
1493;TALLERES RAFAEL ROMERO SL;TALLERES RAFAEL ROMERO SL;CARRETERA EL PEDROSO NUMERO 5, 41370, Cazalla De La Sierra, Sevilla, España;Cazalla De La Sierra;41370;Lunes 09:00-14:00 / 17:00-20:00 | Martes 09:00-14:00 / 17:00-20:00 | Miércoles 09:00-14:00 / 17:00-20:00 | Jueves 09:00-14:00 / 17:00-20:00 | Viernes 09:00-14:00 / 17:00-20:00 | Sábado Cerrado | Domingo Cerrado;medium;Talleres Rafael Romero;google-business;2026-09-21;"Google publica Carr. el Judío 5; fichero Carretera El Pedroso 5.";associated;18;7;Miércoles;12:57;Abierto · cierra 14:00
1488;TARSIS AUTOMOCION 360 SL;TARSIS AUTOMOCION 360 SL;AUTOPISTA SAN PABLO, S/N EDIFICIO SYRSA, 41007, Sevilla, Sevilla, España;Sevilla;41007;Lunes 08:00-18:00 | Martes 08:00-18:00 | Miércoles 08:00-18:00 | Jueves 08:00-18:00 | Viernes 08:00-18:00 | Sábado Cerrado | Domingo Cerrado;medium;SYRSA San Pablo · taller/posventa;official-web;2026-09-21;Horario del centro SYRSA, no necesariamente de cada sociedad administrativa.;associated;9;13;Jueves;14:27;Abierto · cierra 18:00
1487;SYRSA SOLUCIONES SL;SYRSA SOLUCIONES SL;AUTOPISTA SAN PABLO, S/N, 41007, Sevilla, Sevilla, España;Sevilla;41007;Lunes 08:00-18:00 | Martes 08:00-18:00 | Miércoles 08:00-18:00 | Jueves 08:00-18:00 | Viernes 08:00-18:00 | Sábado Cerrado | Domingo Cerrado;medium;SYRSA San Pablo · taller/posventa;official-web;2026-09-21;Horario del centro SYRSA, no necesariamente de cada sociedad administrativa.;associated;9;12;Jueves;13:58;Abierto · cierra 18:00
1486;SYRSA CAT SL;SYRSA CAT SL;AUTOPISTA SAN PABLO, S/N EDIFICIO SYRSA, CP, 41007, Sevilla, Sevilla, España;Sevilla;41007;Lunes 08:00-18:00 | Martes 08:00-18:00 | Miércoles 08:00-18:00 | Jueves 08:00-18:00 | Viernes 08:00-18:00 | Sábado Cerrado | Domingo Cerrado;medium;SYRSA San Pablo · taller/posventa;official-web;2026-09-21;Horario del centro SYRSA, no necesariamente de cada sociedad administrativa.;associated;9;11;Jueves;13:29;Abierto · cierra 18:00
1485;SYRSA ALMERIA SL;SYRSA ALMERIA SL;AUTOPISTA SAN PABLO, S/N EDIFIO SYRSA KM, 41007, Sevilla, Sevilla, España;Sevilla;41007;Lunes 08:00-18:00 | Martes 08:00-18:00 | Miércoles 08:00-18:00 | Jueves 08:00-18:00 | Viernes 08:00-18:00 | Sábado Cerrado | Domingo Cerrado;medium;SYRSA San Pablo · taller/posventa;official-web;2026-09-21;Horario del centro SYRSA, no necesariamente de cada sociedad administrativa.;associated;9;10;Jueves;13:00;Abierto · cierra 18:00
1484;SYRMOTOR ANDALUCIA SL;SYRMOTOR ANDALUCIA SL;AUTO DE SAN PABLO S/N -EDIFICIO SYRSA, 41007, Sevilla, Sevilla, España;Sevilla;41007;Lunes 08:00-18:00 | Martes 08:00-18:00 | Miércoles 08:00-18:00 | Jueves 08:00-18:00 | Viernes 08:00-18:00 | Sábado Cerrado | Domingo Cerrado;medium;SYRSA San Pablo · taller/posventa;official-web;2026-09-21;Horario del centro SYRSA, no necesariamente de cada sociedad administrativa.;associated;8;15;Miércoles;15:22;Abierto · cierra 18:00
1483;SERVICIOS Y REPARACIONES HUELVA SL;SERVICIOS Y REPARACIONES HUELVA SL;Calle AUTOPISTA DE SAN PABLO, S/N, 41007, Sevilla, Sevilla, España;Sevilla;41007;Lunes 08:00-18:00 | Martes 08:00-18:00 | Miércoles 08:00-18:00 | Jueves 08:00-18:00 | Viernes 08:00-18:00 | Sábado Cerrado | Domingo Cerrado;low;Grupo SYRSA - sede/centros Sevilla;group-hours;2026-09-21;"La razón social no identifica por sí sola un mostrador visitable. Horario orientativo del grupo; confirmar cita.";associated;;;;;
1482;SERVICIOS Y REPARACIONES SEVILLA SL;SERVICIOS Y REPARACIONES SEVILLA SL;Calle AUTOPISTA DE SAN PABLO, S/N, 41007, Sevilla, Sevilla, España;Sevilla;41007;Lunes 08:00-18:00 | Martes 08:00-18:00 | Miércoles 08:00-18:00 | Jueves 08:00-18:00 | Viernes 08:00-18:00 | Sábado Cerrado | Domingo Cerrado;medium;SYRSA San Pablo · taller/posventa;official-web;2026-09-21;Horario del centro SYRSA, no necesariamente de cada sociedad administrativa.;associated;8;14;Miércoles;14:53;Abierto · cierra 18:00
1481;G MAS C HISPALENSE SL;G MAS C HISPALENSE SL;Calle AUTOPISTA DE SAN PABLO, S/N, 41007, Sevilla, Sevilla, España;Sevilla;41007;Lunes 08:00-18:00 | Martes 08:00-18:00 | Miércoles 08:00-18:00 | Jueves 08:00-18:00 | Viernes 08:00-18:00 | Sábado Cerrado | Domingo Cerrado;medium;SYRSA San Pablo · taller/posventa;official-web;2026-09-21;Horario del centro SYRSA, no necesariamente de cada sociedad administrativa.;associated;8;13;Miércoles;14:24;Abierto · cierra 18:00
1480;ANDALMOTOR AUTOMOCION SL;ANDALMOTOR AUTOMOCION SL;Calle AUTOPISTA DE SAN PABLO, S/N, 41007, Sevilla, Sevilla, España;Sevilla;41007;Lunes 08:00-18:00 | Martes 08:00-18:00 | Miércoles 08:00-18:00 | Jueves 08:00-18:00 | Viernes 08:00-18:00 | Sábado Cerrado | Domingo Cerrado;low;Grupo SYRSA - sede/centros Sevilla;group-hours;2026-09-21;"La razón social no identifica por sí sola un mostrador visitable. Horario orientativo del grupo; confirmar cita.";associated;;;;;
1479;TARSIS TRAMITALIA 360 SLP;TARSIS TRAMITALIA 360 SLP;AUTOPISTA SAN PABLO, S/N EDIFICIO SYRSA KM, 41007, Sevilla, Sevilla, España;Sevilla;41007;Lunes 08:00-18:00 | Martes 08:00-18:00 | Miércoles 08:00-18:00 | Jueves 08:00-18:00 | Viernes 08:00-18:00 | Sábado Cerrado | Domingo Cerrado;medium;SYRSA San Pablo · taller/posventa;official-web;2026-09-21;Horario del centro SYRSA, no necesariamente de cada sociedad administrativa.;associated;8;12;Miércoles;13:55;Abierto · cierra 18:00
1478;GRUPO SYRSA AUTOMOVILES SL;GRUPO SYRSA AUTOMOVILES SL;Autopista de San Pablo, s/n, 41007, Sevilla, Sevilla, España;Sevilla;41007;Lunes 08:00-18:00 | Martes 08:00-18:00 | Miércoles 08:00-18:00 | Jueves 08:00-18:00 | Viernes 08:00-18:00 | Sábado Cerrado | Domingo Cerrado;medium;SYRSA San Pablo · taller/posventa;official-web;2026-09-21;Horario del centro SYRSA, no necesariamente de cada sociedad administrativa.;associated;8;10;Miércoles;12:57;Abierto · cierra 18:00
1477;TARSIS PROTECCION 360 SL;TARSIS PROTECCION 360 SL;Calle AUTO DE SAN PABLO, S/N - EDIFICIO SYRSA, 41001, Sevilla, Sevilla, España;Sevilla;41001;NO VERIFICADO;unknown;;public-search;2026-09-21;No se ha encontrado un horario público inequívoco para esta ficha. Confirmar antes de visitar.;unknown;;;;;
1476;SERVICIOS Y REPARACIONES SA;SERVICIOS Y REPARACIONES SA;Autopista de San Pablo, s/n, 41007, Sevilla, Sevilla, España;Sevilla;41007;Lunes 08:00-18:00 | Martes 08:00-18:00 | Miércoles 08:00-18:00 | Jueves 08:00-18:00 | Viernes 08:00-18:00 | Sábado Cerrado | Domingo Cerrado;medium;SYRSA San Pablo · taller/posventa;official-web;2026-09-21;Horario del centro SYRSA, no necesariamente de cada sociedad administrativa.;associated;8;9;Miércoles;12:28;Abierto · cierra 18:00
1475;G MAS C HISPALENSE SL;G MAS C HISPALENSE SL;Calle AUTOPISTA DE SAN PABLO, S/N, 41007, Sevilla, Sevilla, España;Sevilla;41007;Lunes 08:00-18:00 | Martes 08:00-18:00 | Miércoles 08:00-18:00 | Jueves 08:00-18:00 | Viernes 08:00-18:00 | Sábado Cerrado | Domingo Cerrado;medium;SYRSA San Pablo · taller/posventa;official-web;2026-09-21;Horario del centro SYRSA, no necesariamente de cada sociedad administrativa.;associated;;;;;
1474;AUTONOVO ANDALUCIA 2000 SL;AUTONOVO ANDALUCIA 2000 SL;Avenida KANSAS CITY S/N - ESQUINA CON CARRETERA DE CA, 41007, Sevilla, Sevilla, España;Sevilla;41007;NO VERIFICADO;unknown;;public-search;2026-09-21;No se ha encontrado un horario público inequívoco para esta ficha. Confirmar antes de visitar.;unknown;;;;;
1473;SERVICIOS DE AUTOMOCION CATSA SA;SERVICIOS DE AUTOMOCION CATSA SA;Avenida KANSAS CITY S/N - ESQUINA CON CARRETERA CARMO, 41007, Sevilla, Sevilla, España;Sevilla;41007;Lunes 08:00-18:00 | Martes 08:00-18:00 | Miércoles 08:00-18:00 | Jueves 08:00-18:00 | Viernes 08:00-18:00 | Sábado Cerrado | Domingo Cerrado;medium;Servicios de Automoción CATSA / Grupo SYRSA;group-hours;2026-09-21;"Horario general de posventa/grupo; confirmar departamento.";associated;;;;;
1472;MOTOS CARICIOLO;FRANCISCO JAVIER CARICIOLO BRENES;Calle ESPARTEROS, 43 NAVE 8, 41600, Arahal, Sevilla, España;Arahal;41600;Lunes 09:00-14:00 / 17:00-20:00 | Martes 09:00-14:00 / 17:00-20:00 | Miércoles 09:00-14:00 / 17:00-20:00 | Jueves 09:00-14:00 / 17:00-20:00 | Viernes 09:00-14:00 / 17:00-20:00 | Sábado Cerrado | Domingo Cerrado;high;Motos Cariciolo Racing;google-business;2026-09-21;;verified;12;12;Martes;17:00;Apertura 17:00 · cierra 20:00
1469;ALEJANDRO OSUNA HERRERA;ALEJANDRO OSUNA HERRERA;Calle BODEGAS 1 1A, 41400, Ecija, Sevilla, España;Ecija;41400;NO VERIFICADO;unknown;;public-search;2026-09-21;No se ha encontrado un horario público inequívoco para esta ficha. Confirmar antes de visitar.;unknown;19;4;Jueves;11:44;Horario no verificado · confirmar antes
1407;VIKINGS MOBILITY SL;VIKINGS MOBILITY SL;Avenida HYTASA Nº133 LOCAL A, 41006, Sevilla, Sevilla, España;Sevilla;41006;Lunes 09:00-14:00 / 17:00-20:00 | Martes 09:00-14:00 / 17:00-20:00 | Miércoles 09:00-14:00 / 17:00-20:00 | Jueves 09:00-14:00 / 17:00-20:00 | Viernes 09:00-14:00 / 17:00-20:00 | Sábado Cerrado | Domingo Cerrado;high;Vikings Mobility;official-web;2026-09-21;;verified;10;2;Viernes;09:29;Abierto · cierra 14:00
1390;MANUEL JOSE ARJONA CORTES;MANUEL JOSE ARJONA CORTES;Calle MARIA AUXILIADORA 37, 41003, Sevilla, Sevilla, España;Sevilla;41003;NO VERIFICADO;unknown;;public-search;2026-09-21;No se ha encontrado un horario público inequívoco para esta ficha. Confirmar antes de visitar.;unknown;11;9;Lunes;12:31;Horario no verificado · confirmar antes
1354;ALEXANDER JOSE GUERRERO SANTELIZ;ALEXANDER JOSE GUERRERO SANTELIZ;Avenida MELENDEZ PELAYO 11, 41003, Sevilla, Sevilla, España;Sevilla;41003;NO VERIFICADO;unknown;;public-search;2026-09-21;No se ha encontrado un horario público inequívoco para esta ficha. Confirmar antes de visitar.;unknown;11;8;Lunes;12:02;Horario no verificado · confirmar antes
1351;PABLO DEL VALLE BANDA;PABLO DEL VALLE BANDA;Avenida JOSELITO EL GALLO, 16, 41701, Dos Hermanas, Sevilla, España;Dos Hermanas;41701;Lunes 10:30-14:30 / 18:00-21:00 | Martes 10:30-14:30 / 18:00-21:00 | Miércoles 10:30-14:30 / 18:00-21:00 | Jueves 10:30-14:30 / 18:00-21:00 | Viernes 10:30-14:30 / 18:00-21:00 | Sábado 11:00-14:00 | Domingo Cerrado;high;Tecnología del Valle;google-business;2026-09-21;;verified;1;14;Lunes;13:54;Abierto · cierra 14:30
1350;FRANCISCO JAVIER RAMIREZ MARIN;FRANCISCO JAVIER RAMIREZ MARIN;Calle RESOLANA, 43 LOCAL PLANET MOBILITY, 41002, Sevilla, Sevilla, España;Sevilla;41002;Lunes 10:00-13:30 / 17:30-20:30 | Martes 10:00-13:30 / 17:30-20:30 | Miércoles 10:00-13:30 / 17:30-20:30 | Jueves 10:00-13:30 / 17:30-20:30 | Viernes 10:00-13:30 / 17:30-20:30 | Sábado Cerrado | Domingo Cerrado;medium;E-Planet Mobility;official-web;2026-09-21;"La web etiqueta este horario como de verano; confirmar si cambia en otoño.";associated;9;7;Jueves;11:31;Abierto · cierra 13:30
1299;DAVID CARO CONDE;DAVID CARO CONDE;Calle GUADALQUIVIR, 1 3ºB, 41620, Marchena, Sevilla, España;Marchena;41620;NO VERIFICADO;unknown;;public-search;2026-09-21;No se ha encontrado un horario público inequívoco para esta ficha. Confirmar antes de visitar.;unknown;19;3;Jueves;10:54;Horario no verificado · confirmar antes
1295;MOVYSCOOTER SOCIEDAD LIMITADA;MOVYSCOOTER SOCIEDAD LIMITADA;Calle COLON 25 0 2, 41960, Gines, Sevilla, España;Gines;41960;Lunes 10:30-14:00 / 17:30-20:30 | Martes 10:30-14:00 / 17:30-20:30 | Miércoles 10:30-14:00 / 17:30-20:30 | Jueves 10:30-14:00 / 17:30-20:30 | Viernes 10:30-14:00 / 17:30-20:30 | Sábado Cerrado | Domingo Cerrado;medium;Scootopia;google-business;2026-09-21;La ficha figura como Movyscooter/Scootopia y C. Colón 25.;associated;11;10;Lunes;13:08;Abierto · cierra 14:00
1291;4VIDAS 2019 SOCIEDAD LIMITADA;4VIDAS 2019 SOCIEDAD LIMITADA;Calle RESOLANA, 28, 41009, Sevilla, Sevilla, España;Sevilla;41009;Lunes 10:00-20:00 | Martes 10:00-20:00 | Miércoles 10:00-20:00 | Jueves 10:00-20:00 | Viernes 10:00-20:00 | Sábado Cerrado | Domingo Cerrado;medium;Moviraider Central / 4Vidas;google-business;2026-09-21;"Horario público del negocio asociado; confirmar si la ficha corresponde exactamente al mismo punto.";associated;7;13;Martes;14:03;Abierto · cierra 20:00
1280;ANTONIO GUERRERO VELASCO;ANTONIO GUERRERO VELASCO;Calle PAGES DEL CORRO, 151, 41010, Sevilla, Sevilla, España;Sevilla;41010;NO VERIFICADO;unknown;;public-search;2026-09-21;No se ha encontrado un horario público inequívoco para esta ficha. Confirmar antes de visitar.;unknown;13;4;Miércoles;11:39;Horario no verificado · confirmar antes
1267;TALLERES MONTILLA AUTOMOCION SL;TALLERES MONTILLA AUTOMOCION SL;CTRA.LA ISLA, 21 BDA. FUENTE DEL REY, 41703, Dos Hermanas, Sevilla, España;Dos Hermanas;41703;Lunes 08:00-14:00 / 15:00-18:00 | Martes 08:00-14:00 / 15:00-18:00 | Miércoles 08:00-14:00 / 15:00-18:00 | Jueves 08:00-14:00 / 15:00-18:00 | Viernes 07:00-15:00 | Sábado Cerrado | Domingo Cerrado;high;Talleres Montilla;google-business;2026-09-21;;verified;3;4;Miércoles;09:10;Abierto · cierra 14:00
1257;DOS HERMANAS PORTAL DE TU CIUDAD;DOMANT SOLUTIONS SOCIEDAD LIMITADA;Calle FERNANDO DE MAGALLANES, 92, 41089, Dos Hermanas, Sevilla, España;Dos Hermanas;41089;NO VERIFICADO;unknown;;public-search;2026-09-21;No se ha encontrado un horario público inequívoco para esta ficha. Confirmar antes de visitar.;unknown;13;1;Miércoles;10:00;Horario no verificado · confirmar antes
1250;TALLERES JARDINAUTO;MANUEL GARCIA FERNANDEZ;Calle ALFONSO XI, 60, 41005, Sevilla, Sevilla, España;Sevilla;41005;Lunes 08:00-14:00 / 16:00-19:30 | Martes 08:00-14:00 / 16:00-19:30 | Miércoles 08:00-14:00 / 16:00-19:30 | Jueves 08:00-14:00 / 16:00-19:30 | Viernes 08:00-14:00 | Sábado Cerrado | Domingo Cerrado;high;Taller mecánico Jardinauto;google-maps;2026-09-21;;verified;6;1;Lunes;08:00;Apertura 08:00 · cierra 14:00
1249;CRESPO CAMINO EXPLOTACIONES AGRICOLAS SA;CRESPO CAMINO EXPLOTACIONES AGRICOLAS SA;Calle PROGRESO, 20 1, 41013, Sevilla, Sevilla, España;Sevilla;41013;NO VERIFICADO;unknown;;public-search;2026-09-21;No se ha encontrado un horario público inequívoco para esta ficha. Confirmar antes de visitar.;unknown;13;3;Miércoles;11:02;Horario no verificado · confirmar antes
1248;ENRIQUE CASCAJOSA E HIJOS SLU;ENRIQUE CASCAJOSA E HIJOS SLU;POLIGONO HACIENDA DOLORES DOS, 41500, Alcala De Guadaira, Sevilla, España;Alcala De Guadaira;41500;NO VERIFICADO;unknown;;public-search;2026-09-21;No se ha encontrado un horario público inequívoco para esta ficha. Confirmar antes de visitar.;unknown;14;3;Jueves;10:58;Horario no verificado · confirmar antes
1247;INETEL 21 SL;INETEL 21 SL;Calle GARROCHISTAS DE BAILEN, 20, 41710, Utrera, Sevilla, España;Utrera;41710;NO VERIFICADO;unknown;;public-search;2026-09-21;No se ha encontrado un horario público inequívoco para esta ficha. Confirmar antes de visitar.;unknown;15;2;Viernes;10:29;Horario no verificado · confirmar antes
1246;REGOLAS Y TALADROS DEL SUR SL;REGOLAS Y TALADROS DEL SUR SL;Calle Álamo Gris, 20, 41703, Dos Hermanas, Sevilla, España;Dos Hermanas;41703;Lunes 08:00-18:00 | Martes 08:00-18:00 | Miércoles 08:00-18:00 | Jueves 08:00-18:00 | Viernes 08:00-14:00 | Sábado Cerrado | Domingo Cerrado;high;Retasur;google-business;2026-09-21;;verified;3;3;Miércoles;08:41;Abierto · cierra 18:00
1242;NITA SL;NITA SL;CRTA. SU EMINENCIA, 26, 41013, Sevilla, Sevilla, España;Sevilla;41013;NO VERIFICADO;unknown;;public-search;2026-09-21;No se ha encontrado un horario público inequívoco para esta ficha. Confirmar antes de visitar.;unknown;13;2;Miércoles;10:33;Horario no verificado · confirmar antes
1241;RAUL OLIVA MORENO;RAUL OLIVA MORENO;SAN HERMENEGILDO, 5, 41701, Dos Hermanas, Sevilla, España;Dos Hermanas;41701;NO VERIFICADO;unknown;;public-search;2026-09-21;No se ha encontrado un horario público inequívoco para esta ficha. Confirmar antes de visitar.;unknown;2;7;Martes;10:58;Horario no verificado · confirmar antes
1235;TALLERES ALBA SL;TALLERES ALBA SL;Calle EXPOSICION, 12 P.I.PISA, 41927, Mairena Del Aljarafe, Sevilla, España;Mairena Del Aljarafe;41927;Lunes 08:00-14:00 / 16:00-18:00 | Martes 08:00-14:00 / 16:00-18:00 | Miércoles 08:00-14:00 / 16:00-18:00 | Jueves 08:00-14:00 / 16:00-18:00 | Viernes 08:00-14:00 / 16:00-18:00 | Sábado Cerrado | Domingo Cerrado;high;Talleres Alba / Motralba;google-business;2026-09-21;"Las fichas comparten teléfono/dirección; se aplica el horario del centro publicado.";verified;7;2;Martes;08:29;Abierto · cierra 14:00
1229;PRETOR QUANTUM Sl;PRETOR QUANTUM Sl;Calle GABRIEL LUPIAÑEZ GELY 24, 41120, Gelves, Sevilla, España;Gelves;41120;NO VERIFICADO;unknown;;public-search;2026-09-21;No se ha encontrado un horario público inequívoco para esta ficha. Confirmar antes de visitar.;unknown;7;8;Martes;11:31;Horario no verificado · confirmar antes
1225;AZUR GLOBAL BUSINESS SL;AZUR GLOBAL BUSINESS SL;Calle TESALONICA, S/N - PARCELA C, 41007, Sevilla, Sevilla, España;Sevilla;41007;Lunes 09:00-14:00 / 16:00-20:00 | Martes 09:00-14:00 / 16:00-20:00 | Miércoles 09:00-14:00 / 16:00-20:00 | Jueves 09:00-14:00 / 16:00-20:00 | Viernes 09:00-14:00 / 16:00-20:00 | Sábado 09:00-13:00 | Domingo Cerrado;high;Azur Global Business;google-business;2026-09-21;;verified;6;11;Lunes;12:52;Abierto · cierra 14:00
1207;ARPEMAR SDAD. COOP. ANDALUZA;ARPEMAR SDAD. COOP. ANDALUZA;Calle LA LUZ, 1, 41650, El Saucejo, Sevilla, España;El Saucejo;41650;Lunes 09:00-14:00 / 16:30-19:30 | Martes 09:00-14:00 / 16:30-19:30 | Miércoles 09:00-14:00 / 16:30-19:30 | Jueves 09:00-14:00 / 16:30-19:30 | Viernes 09:00-14:00 / 16:30-19:30 | Sábado Cerrado | Domingo Cerrado;medium;Recambios El Saucejo;google-business;2026-09-21;"Fichas ARPEMAR comparten datos; Google muestra C. Alberquilla 10 frente a C. La Luz 1.";associated;18;11;Miércoles;18:56;Abierto · cierra 19:30
1206;GRUPAUTO SEVILLA Sl;GRUPAUTO SEVILLA Sl;Calle CELULOSA, 50 52 - EDIFICIO MGP, NAVE 6 Y 7, POLI, 41016, Sevilla, Sevilla, España;Sevilla;41016;Lunes 07:30-19:30 | Martes 07:30-19:30 | Miércoles 07:30-19:30 | Jueves 07:30-19:30 | Viernes 07:30-19:30 | Sábado Cerrado | Domingo Cerrado;high;GrupAuto Sevilla;google-business;2026-09-21;;verified;;;;;
1194;GIM COR SL;GIM COR SL;Calle Evangelista, 63, 41010, Sevilla, Sevilla, España;Sevilla;41010;Lunes 09:00-14:00 / 16:00-20:00 | Martes 09:00-14:00 / 16:00-20:00 | Miércoles 09:00-14:00 / 16:00-20:00 | Jueves 09:00-14:00 / 16:00-20:00 | Viernes 09:00-14:00 / 16:00-20:00 | Sábado 09:00-13:00 | Domingo Cerrado;high;Gim Cor;google-maps;2026-09-21;;verified;7;10;Martes;12:35;Abierto · cierra 14:00
1190;TALLERES EBENEZER;JUAN JOSE VICENTE PIZARRO;Avenida FERNANDEZ MURUBE, 44, 41007, Sevilla, Sevilla, España;Sevilla;41007;Lunes 08:00-17:00 | Martes 08:00-17:00 | Miércoles 08:00-17:00 | Jueves 08:00-17:00 | Viernes 07:00-15:00 | Sábado Cerrado | Domingo Cerrado;high;Talleres Ebenezer;google-maps;2026-09-21;;verified;6;13;Lunes;13:50;Abierto · cierra 17:00
1184;ANTONIO ASTACIO SEVILLANO;ANTONIO ASTACIO SEVILLANO;Calle PARAGUAY, 15, 41500, Alcala De Guadaira, Sevilla, España;Alcala De Guadaira;41500;Lunes 09:30-14:30 / 17:30-20:30 | Martes 09:30-14:30 / 17:30-20:30 | Miércoles 09:30-14:30 / 17:30-20:30 | Jueves 09:30-14:30 / 17:30-20:30 | Viernes 09:30-14:30 / 17:30-20:30 | Sábado Cerrado | Domingo Cerrado;high;Automóviles Sevicars;google-maps;2026-09-21;;verified;4;12;Jueves;13:04;Abierto · cierra 14:30
1182;NIMO GORDILLO ALJARAFE SL;NIMO GORDILLO ALJARAFE SL;Avenida FERNANDEZ MURUBE, 30 CP, 41007, Sevilla, Sevilla, España;Sevilla;41007;Lunes 07:00-18:00 | Martes 07:00-18:00 | Miércoles 07:00-18:00 | Jueves 07:00-18:00 | Viernes 07:00-15:00 | Sábado Cerrado | Domingo Cerrado;medium;Nimo Gordillo / Scoobic · centro Fernández Murube;google-maps;2026-09-21;"Horario del centro de Fernández Murube; confirmar departamento exacto.";associated;8;8;Miércoles;11:59;Abierto · cierra 18:00
1178;HIJOS DE J CERRATO SA;HIJOS DE J CERRATO SA;CTRA. A-4, KM 555, 41700, Dos Hermanas, Sevilla, España;Dos Hermanas;41700;Lunes 07:00-15:00 / 17:30-20:30 | Martes 07:00-15:00 / 17:30-20:30 | Miércoles 07:00-15:00 / 17:30-20:30 | Jueves 07:00-15:00 / 17:30-20:30 | Viernes 07:00-15:00 / 17:30-20:30 | Sábado Cerrado | Domingo Cerrado;high;Renault Dos Hermanas Cerrato;google-business;2026-09-21;;verified;2;1;Martes;07:37;Abierto · cierra 15:00
1165;INSTALACIONES YELAMO SL (FERRETERIA YELAMO);INSTALACIONES YELAMO SL (FERRETERIA YELAMO);Avenida CARLOS CANO, S/N - BDA DE LOS ROSALES, 41330, Los Rosales, Sevilla, España;Los Rosales;41330;Lunes 07:00-15:00 / 17:00-21:00 | Martes 07:00-15:00 / 17:00-21:00 | Miércoles 07:00-15:00 / 17:00-21:00 | Jueves 07:00-15:00 / 17:00-21:00 | Viernes 07:00-15:00 / 17:00-21:00 | Sábado 09:00-13:00 | Domingo Cerrado;high;Ferretería Yélamo;google-business;2026-09-21;;verified;15;12;Viernes;19:33;Abierto · cierra 21:00
1155;VIALSUR INVERSIONES SL;VIALSUR INVERSIONES SL;AUTOVIA A-, 92 KM 5,5, 41500, Alcala De Guadaira, Sevilla, España;Alcala De Guadaira;41500;Lunes 08:00-18:00 | Martes 08:00-18:00 | Miércoles 08:00-18:00 | Jueves 08:00-18:00 | Viernes 08:00-18:00 | Sábado Cerrado | Domingo Cerrado;medium;Concesur Alcalá de Guadaíra;official-web;2026-09-21;"Horario del centro/taller Concesur; confirmar departamento exacto.";associated;5;12;Viernes;14:38;Abierto · cierra 18:00
1146;MULTIMARCAS,SL;ANDALUCIA OUTLET CARS;CARRETERA SEVILLA-MALAGA, KM 5,50, 41500, Alcala De Guadaira, Sevilla, España;Alcala De Guadaira;41500;NO VERIFICADO;unknown;;public-search;2026-09-21;No se ha encontrado un horario público inequívoco para esta ficha. Confirmar antes de visitar.;unknown;14;2;Jueves;10:29;Horario no verificado · confirmar antes
1140;STOCK IN SPAIN ELECTRONICS SOCIEDAD LIMITADA;STOCK IN SPAIN ELECTRONICS SOCIEDAD LIMITADA;P.I.C.A. AVDA DE LA PRENSA 37, 41007, Sevilla, Sevilla, España;Sevilla;41007;NO VERIFICADO;unknown;;public-search;2026-09-21;No se ha encontrado un horario público inequívoco para esta ficha. Confirmar antes de visitar.;unknown;;;;;
1138;JUAN JOSE GALIANO VIDAL;JUAN JOSE GALIANO VIDAL;Calle HESPERIDES 3 1B, 41008, Sevilla, Sevilla, España;Sevilla;41008;Lunes 08:30-17:30 | Martes 08:30-17:30 | Miércoles 08:30-17:30 | Jueves 08:30-17:30 | Viernes 08:30-14:30 | Sábado Cerrado | Domingo Cerrado;high;Gestoría Galiano;google-business;2026-09-21;;verified;7;14;Martes;14:32;Abierto · cierra 17:30
1137;MIRA COMPLEMENTOS SL;MIRA COMPLEMENTOS SL;Calle ELECTRICIDAD, 3 3ª B, 41006, Sevilla, Sevilla, España;Sevilla;41006;NO VERIFICADO;unknown;;public-search;2026-09-21;No se ha encontrado un horario público inequívoco para esta ficha. Confirmar antes de visitar.;unknown;10;8;Viernes;12:25;Horario no verificado · confirmar antes
1134;TALLERES CALONGE & CURIEL SOCIEDAD LIMITADA;TALLERES CALONGE & CURIEL SOCIEDAD LIMITADA;Calle ALONSO MUDARRA, 12, 41013, Sevilla, Sevilla, España;Sevilla;41013;Lunes 08:00-14:00 / 15:30-18:30 | Martes 08:00-14:00 / 15:30-18:30 | Miércoles 08:00-14:00 / 15:30-18:30 | Jueves 08:00-14:00 / 15:30-18:30 | Viernes 07:00-14:00 | Sábado Cerrado | Domingo Cerrado;high;Talleres Calonge & Curiel;official-web;2026-09-21;;verified;3;7;Miércoles;10:49;Abierto · cierra 14:00
1084;AUTOMOVILES LA ESTACION;JUAN MANUEL CORONA RUIZ;CTRA SEVILLA-MALAGA, KM.67, 41540, La Puebla De Cazalla, Sevilla, España;La Puebla De Cazalla;41540;Lunes 09:00-20:30 | Martes 09:00-20:30 | Miércoles 09:00-20:30 | Jueves 09:00-20:30 | Viernes 09:00-20:30 | Sábado Cerrado | Domingo Cerrado;high;Automóviles La Estación;google-business;2026-09-21;;verified;15;6;Viernes;13:43;Abierto · cierra 20:30
1083;SCOOBIC NIMO ANDALUCIA,SLU;SCOOBIC NIMO ANDALUCIA,SLU;Avenida FERNANDEZ MURUBE, 30 CP, 41007, Sevilla, Sevilla, España;Sevilla;41007;Lunes 07:00-18:00 | Martes 07:00-18:00 | Miércoles 07:00-18:00 | Jueves 07:00-18:00 | Viernes 07:00-15:00 | Sábado Cerrado | Domingo Cerrado;medium;Nimo Gordillo / Scoobic · centro Fernández Murube;google-maps;2026-09-21;"Horario del centro de Fernández Murube; confirmar departamento exacto.";associated;8;7;Miércoles;11:30;Abierto · cierra 18:00
1067;MARINA GALIANO VIDAL S.C.;MARINA GALIANO VIDAL S.C.;HESPERIDES, Nº 3, 1 B, 41008, Sevilla, Sevilla, España;Sevilla;41008;Lunes 08:30-17:30 | Martes 08:30-17:30 | Miércoles 08:30-17:30 | Jueves 08:30-17:30 | Viernes 08:30-14:30 | Sábado Cerrado | Domingo Cerrado;high;Gestoría Galiano;google-business;2026-09-21;;verified;6;15;Lunes;14:48;Abierto · cierra 17:30
1066;MARTINA PEREZ CARS;J.ABRAHAM PEREZ BATLLE;P.I.BRENES C/15, 41410, Carmona, Sevilla, España;Carmona;41410;Lunes 09:30-14:00 / 17:30-20:30 | Martes 09:30-14:00 / 17:30-20:30 | Miércoles 09:30-14:00 / 17:30-20:30 | Jueves 09:30-14:00 / 17:30-20:30 | Viernes 09:30-14:00 / 17:30-20:30 | Sábado Cerrado | Domingo Cerrado;high;Martina Perez Cars;google-business;2026-09-21;;verified;15;11;Viernes;18:37;Abierto · cierra 20:30
1059;scoobicspain.com;INMOVE SERVICIOS DE MOVILIDAD SL;Avenida FERNANDEZ MURUBE, 30 CP, 41007, Sevilla, Sevilla, España;Sevilla;41007;Lunes 07:00-18:00 | Martes 07:00-18:00 | Miércoles 07:00-18:00 | Jueves 07:00-18:00 | Viernes 07:00-15:00 | Sábado Cerrado | Domingo Cerrado;medium;Nimo Gordillo / Scoobic · centro Fernández Murube;google-maps;2026-09-21;"Horario del centro de Fernández Murube; confirmar departamento exacto.";associated;7;15;Martes;15:01;Abierto · cierra 18:00
1055;RESCO TRUCK SOCIEDAD LIMITADA;RESCO TRUCK SOCIEDAD LIMITADA;P.I.CALONGE, C/RODIO, 15, 41007, Sevilla, Sevilla, España;Sevilla;41007;Lunes 09:00-14:00 / 16:00-20:00 | Martes 09:00-14:00 / 16:00-20:00 | Miércoles 09:00-14:00 / 16:00-20:00 | Jueves 09:00-14:00 / 16:00-20:00 | Viernes 09:00-14:00 / 16:00-20:00 | Sábado Cerrado | Domingo Cerrado;high;Resco Autorecambios / Resco Truck;web-directory;2026-09-21;;verified;6;10;Lunes;12:23;Abierto · cierra 14:00
1051;GROUP SUR BISMARCK SOCIEDAD LIMITADA;GROUP SUR BISMARCK SOCIEDAD LIMITADA;CARRETERA ECIJA-JEREZ N-333, KM 16,00, 41719, Utrera, Sevilla, España;Utrera;41719;NO VERIFICADO;unknown;;public-search;2026-09-21;No se ha encontrado un horario público inequívoco para esta ficha. Confirmar antes de visitar.;unknown;15;4;Viernes;11:52;Horario no verificado · confirmar antes
1047;RECAMBIOS VEGA E HIJOS, SL;RECAMBIOS VEGA E HIJOS, SL;Calle cruz de la cava, 22, 41600, Arahal, Sevilla, España;Arahal;41600;Lunes 08:00-14:00 / 15:00-20:30 | Martes 08:00-14:00 / 15:00-20:30 | Miércoles 08:00-14:00 / 15:00-20:30 | Jueves 08:00-14:00 / 15:00-20:30 | Viernes 08:00-14:00 / 15:00-20:30 | Sábado 08:00-14:00 | Domingo Cerrado;high;Repuestos Vega;google-business;2026-09-21;"La ficha 379 figura nº17; el negocio publicado está en nº22.";verified;12;11;Martes;13:39;Abierto · cierra 14:00
1040;COM. DE SEVILLA DE LA D. G. DE LA GUARDIA CIVIL;COM. DE SEVILLA DE LA D. G. DE LA GUARDIA CIVIL;CM VILLANUEVA DEL PITAMO, Nº 6, 41013, Sevilla, Sevilla, España;Sevilla;41013;NO VERIFICADO;unknown;;public-search;2026-09-21;No se ha encontrado un horario público inequívoco para esta ficha. Confirmar antes de visitar.;unknown;3;10;Miércoles;12:16;Horario no verificado · confirmar antes
1039;TALLER DE REPARACIONES LLANO SL;TALLER DE REPARACIONES LLANO SL;Calle SAN JUAN DE RIBERA 10, 41009, Sevilla, Sevilla, España;Sevilla;41009;Lunes 08:00-15:00 | Martes 08:00-15:00 | Miércoles 08:00-15:00 | Jueves 08:00-15:00 | Viernes 08:00-14:00 | Sábado Cerrado | Domingo Cerrado;medium;Talleres Llano S.L.;google-business;2026-09-21;La dirección pública actual difiere de la dirección antigua de la ficha.;associated;;;;;
1030;AUTOS ANTONIO SANCHEZ SL;AUTOS ANTONIO SANCHEZ SL;Calle Dr. Leyva Rincón, s/n, 41702, Dos Hermanas, Sevilla, España;Dos Hermanas;41702;Lunes 09:00-14:00 / 16:00-19:30 | Martes 09:00-14:00 / 16:00-19:30 | Miércoles 09:00-14:00 / 16:00-19:30 | Jueves 09:00-14:00 / 16:00-19:30 | Viernes 09:00-14:00 | Sábado Cerrado | Domingo Cerrado;high;CristalBox Dos Hermanas;google-business;2026-09-21;El nombre de la calle pública actual difiere de la ficha, pero coincide el teléfono.;verified;1;13;Lunes;13:25;Abierto · cierra 14:00
1026;CRN PERFORMANCE;JUAN SALVADOR JURADO GIL;SIERRA DE CALVITERIO, 32, 41704, Dos Hermanas, Sevilla, España;Dos Hermanas;41704;Lunes 08:00-14:00 | Martes 08:00-14:00 | Miércoles 08:00-14:00 | Jueves 08:00-14:00 | Viernes 07:00-14:00 | Sábado Cerrado | Domingo Cerrado;high;CRN Performance;google-business;2026-09-21;;verified;2;8;Martes;11:29;Abierto · cierra 14:00
1025;REPUESTOS LEIVA;JOSE CARLOS SANCHEZ LEIVA;Calle ESTRELLA CANOPUS, Nº10, 41800, Sanlucar La Mayor, Sevilla, España;Sanlucar La Mayor;41800;Lunes 08:00-16:00 | Martes 08:00-16:00 | Miércoles 08:00-16:00 | Jueves 08:00-16:00 | Viernes 08:00-16:00 | Sábado 09:00-13:30 | Domingo Cerrado;high;Recambios Leiva;google-business;2026-09-21;;verified;11;11;Lunes;13:58;Abierto · cierra 16:00
1023;GLS;CORINTO EXPRESS SOCIEDAD LIMITADA;Avenida REPUBLICA ARGENTINA, 43 - LOCAL, 41011, Sevilla, Sevilla, España;Sevilla;41011;Lunes 10:00-15:00 / 16:00-18:00 | Martes 10:00-15:00 / 16:00-18:00 | Miércoles 10:00-15:00 / 16:00-18:00 | Jueves 10:00-15:00 / 16:00-18:00 | Viernes 10:00-15:00 / 16:00-18:00 | Sábado Cerrado | Domingo Cerrado;medium;GLS;google-business;2026-09-21;"GLS aparece en una dirección pública distinta; confirmar que sea la delegación asociada a Corinto Express.";associated;7;9;Martes;12:02;Abierto · cierra 15:00
1021;TALLERES HNOS MARAVER,SL;TALLERES HNOS MARAVER,SL;Calle HERREROS, 3, 41840, Pilas, Sevilla, España;Pilas;41840;Lunes 07:00-15:00 | Martes 07:00-15:00 | Miércoles 07:00-15:00 | Jueves 07:00-15:00 | Viernes 07:00-15:00 | Sábado Cerrado | Domingo Cerrado;high;Talleres Hermanos Maraver;google-business;2026-09-21;;verified;18;1;Miércoles;08:12;Abierto · cierra 15:00
1018;GLASS UMBRETE;JORGE SILVA LOPEZ;Avenida DE LOS POETAS 22C, 41806, Umbrete, Sevilla, España;Umbrete;41806;Lunes 09:00-14:00 / 16:00-19:00 | Martes 09:00-14:00 / 16:00-19:00 | Miércoles 09:00-14:00 / 16:00-19:00 | Jueves 09:00-14:00 / 16:00-19:00 | Viernes 09:00-14:00 / 16:00-19:00 | Sábado Cerrado | Domingo Cerrado;high;Glass Talleres Umbrete;google-business;2026-09-21;;verified;13;6;Miércoles;12:55;Abierto · cierra 14:00
1017;AVISA EXTREMADURA, SL;AVISA EXTREMADURA, SL;FERNANDEZ MURUBE, 32, 41007, Sevilla, Sevilla, España;Sevilla;41007;Lunes 09:00-14:00 / 16:30-20:30 | Martes 09:00-14:00 / 16:30-20:30 | Miércoles 09:00-14:00 / 16:30-20:30 | Jueves 09:00-14:00 / 16:30-20:30 | Viernes 09:00-14:00 / 16:30-20:30 | Sábado 10:00-14:00 | Domingo Cerrado;medium;AVISA Sevilla;google-business;2026-09-21;"El grupo tiene varios centros en Sevilla; confirmar qué centro corresponde a la ficha.";associated;;;;;
1013;DISTRIBUCIONES CALVER SL;DISTRIBUCIONES CALVER SL;Calle ANTRACITA , 22 - P.I. CALONGE, SEC, 41007, Sevilla, Sevilla, España;Sevilla;41007;Lunes 08:30-18:00 | Martes 08:30-18:00 | Miércoles 08:30-18:00 | Jueves 08:30-18:00 | Viernes 08:30-15:00 | Sábado Cerrado | Domingo Cerrado;high;Distribuciones Calver;official-web;2026-09-21;;verified;6;9;Lunes;11:54;Abierto · cierra 18:00
1009;AUTOREPUESTOS M.R. GUILLENA, SL;AUTOREPUESTOS M.R. GUILLENA, SL;Calle MONTE CALVARIO, 7, 41210, Guillena, Sevilla, España;Guillena;41210;Lunes 09:00-14:00 / 17:00-20:00 | Martes 09:00-14:00 / 17:00-20:00 | Miércoles 09:00-14:00 / 17:00-20:00 | Jueves 09:00-14:00 / 17:00-20:00 | Viernes 09:00-14:00 / 17:00-20:00 | Sábado 09:00-13:00 | Domingo Cerrado;medium;Autorepuestos M.R. Guillena;google-business;2026-09-21;"Google publica C. Dr. Antonio González 4; las fichas tienen otras direcciones.";associated;;;;;
1008;(GLASSTALLER ALCALA);JUAN JOSE CRESPO GALISTEO;Avenida 28 DE FEBRERO, 16, 41500, Alcala De Guadaira, Sevilla, España;Alcala De Guadaira;41500;Lunes 09:00-14:00 / 16:30-19:30 | Martes 09:00-14:00 / 16:30-19:30 | Miércoles 09:00-14:00 / 16:30-19:30 | Jueves 09:00-14:00 / 16:30-19:30 | Viernes 09:00-14:00 / 16:30-19:30 | Sábado Cerrado | Domingo Cerrado;high;GLASS TALLERES ALCALÁ;google-maps;2026-09-21;;verified;4;10;Jueves;12:06;Abierto · cierra 14:00
1005;A2C EUROPE SL;A2C EUROPE SL;Calle PIESOLO DIEZ, 29, 41500, Alcala De Guadaira, Sevilla, España;Alcala De Guadaira;41500;NO VERIFICADO;unknown;;public-search;2026-09-21;No se ha encontrado un horario público inequívoco para esta ficha. Confirmar antes de visitar.;unknown;;;;;
1003;JIMALCO 2010 SL;JIMALCO 2010 SL;Calle TONELEROS, 71, 41702, Dos Hermanas, Sevilla, España;Dos Hermanas;41702;Lunes 08:00-14:00 / 16:00-21:00 | Martes 08:00-14:00 / 16:00-21:00 | Miércoles 08:00-14:00 / 16:00-21:00 | Jueves 08:00-14:00 / 16:00-21:00 | Viernes 08:00-14:00 / 16:00-21:00 | Sábado 10:30-13:30 | Domingo Cerrado;high;Jimalco Peugeot Sevilla;google-business;2026-09-21;;verified;1;8;Lunes;10:57;Abierto · cierra 14:00
987;ROMAFORT ADVICE SOCIEDAD LIMITADA;ROMAFORT ADVICE SOCIEDAD LIMITADA;Calle MARIA AUXILIADORA, 38 1, 41710, Utrera, Sevilla, España;Utrera;41710;NO VERIFICADO;unknown;;public-search;2026-09-21;No se ha encontrado un horario público inequívoco para esta ficha. Confirmar antes de visitar.;unknown;15;1;Viernes;10:00;Horario no verificado · confirmar antes
986;TRUCK TRAILER & BUS SOCIEDAD LIMITADA;TRUCK TRAILER & BUS SOCIEDAD LIMITADA;P.I. PARSI, C/ LAS MELIAS, 56, 41016, Sevilla, Sevilla, España;Sevilla;41016;Lunes 08:30-14:00 / 16:00-19:00 | Martes 08:30-14:00 / 16:00-19:00 | Miércoles 08:30-14:00 / 16:00-19:00 | Jueves 08:30-14:00 / 16:00-19:00 | Viernes 08:30-14:00 / 16:00-19:00 | Sábado Cerrado | Domingo Cerrado;high;T.T.B. Recambios;google-maps;2026-09-21;;verified;;;;;
979;MOTOS MUÑOZ ESTEPA SOCIEDAD LIMITADA;MOTOS MUÑOZ ESTEPA SOCIEDAD LIMITADA;Avenida BADIA POLESINE, 3 PUERTA C. CP, 41560, Estepa, Sevilla, España;Estepa;41560;Lunes 09:00-14:30 / 16:30-19:00 | Martes 09:00-14:30 / 16:30-19:00 | Miércoles 09:00-14:30 / 16:30-19:00 | Jueves 09:00-14:30 / 16:30-19:00 | Viernes 09:00-14:30 / 16:30-19:00 | Sábado Cerrado | Domingo Cerrado;high;Motos Muñoz;google-business;2026-09-21;;verified;17;11;Martes;18:02;Abierto · cierra 19:00
978;JORGE ARROYO MOTOS SL;JORGE ARROYO MOTOS SL;Avenida DE ESPAÑA, 110, 41704, Dos Hermanas, Sevilla, España;Dos Hermanas;41704;Lunes 09:00-14:00 / 17:00-20:00 | Martes 09:00-14:00 / 17:00-20:00 | Miércoles 09:00-14:00 / 17:00-20:00 | Jueves 09:00-14:00 / 17:00-20:00 | Viernes 09:00-14:00 / 17:00-20:00 | Sábado Cerrado | Domingo Cerrado;high;Automóviles Arroyo;google-business;2026-09-21;;verified;;;;;
977;SUMINISTROS DGR;AUTORECAMBIOS DIEGO GANFORNINA RUIZ SL;Calle UTRERA, 2, 41730, Las Cabezas De San Juan, Sevilla, España;Las Cabezas De San Juan;41730;Lunes 09:00-14:00 / 16:00-20:00 | Martes 09:00-14:00 / 16:00-20:00 | Miércoles 09:00-14:00 / 16:00-20:00 | Jueves 09:00-14:00 / 16:00-20:00 | Viernes 09:00-14:00 / 16:00-20:00 | Sábado 09:00-13:00 | Domingo Cerrado;medium;Autorecambios DGR Ganfornina;google-business;2026-09-21;"Google publica Av. Dr. Fleming 13; la ficha C. Utrera 2.";associated;14;6;Jueves;13:06;Abierto · cierra 14:00
973;AUTO REPARACION LOS LLANOS SL;AUTO REPARACION LOS LLANOS SL;Calle CRISTO DEL CALVARIO, 3 4 B, 41001, Sevilla, Sevilla, España;Sevilla;41001;Lunes 07:00-15:00 | Martes 07:00-15:00 | Miércoles 07:00-15:00 | Jueves 07:00-15:00 | Viernes 07:00-15:00 | Sábado Cerrado | Domingo Cerrado;medium;Auto Reparación Los Llanos / Taller Los Llanos;google-business;2026-09-21;Coincide el teléfono con Taller Los Llanos, cuya ubicación pública actual está en Salteras. Confirmar si es la misma ficha.;associated;9;1;Jueves;07:56;Abierto · cierra 15:00
966;SUMINISTROS DAVID BAREA  038000794;DAVID BAREA NAVEZ;Calle MANUEL MANTERO, 1, 41720, Los Palacios Y Villafranca, Sevilla, España;Los Palacios Y Villafranca;41720;Lunes 09:00-14:00 / 17:00-20:00 | Martes 09:00-14:00 / 17:00-20:00 | Miércoles 09:00-14:00 / 17:00-20:00 | Jueves 09:00-14:00 / 17:00-20:00 | Viernes 09:00-14:00 / 17:00-20:00 | Sábado Cerrado | Domingo Cerrado;high;Suministros David Barea;google-business;2026-09-21;;verified;5;6;Viernes;11:12;Abierto · cierra 14:00
965;MI VEHICULO USADO S.L.;MI VEHICULO USADO S.L.;Calle MAIRENA DEL ALJARAFE, 2 - P.I. P, 41840, Pilas, Sevilla, España;Pilas;41840;Lunes 09:00-14:00 / 17:00-20:00 | Martes 09:00-14:00 / 17:00-20:00 | Miércoles 09:00-14:00 / 17:00-20:00 | Jueves 09:00-14:00 / 17:00-20:00 | Viernes 09:00-14:00 | Sábado Cerrado | Domingo Cerrado;medium;Mi Vehiculo Usado;google-business;2026-09-21;"Google publica una dirección distinta a la ficha; coincide la denominación.";associated;;;;;
960;CROMACAR SUR, SL;CROMACAR SUR, SL;Calle EBANISTERIA, 4 - POL. LA ABADIA, 41620, Marchena, Sevilla, España;Marchena;41620;Lunes 07:00-15:30 | Martes 07:00-15:30 | Miércoles 07:00-15:30 | Jueves 07:00-15:30 | Viernes 07:30-14:00 | Sábado Cerrado | Domingo Cerrado;high;CromacarSur;google-business;2026-09-21;;verified;17;8;Martes;14:37;Abierto · cierra 15:30
952;HERMANDAD NTRA SRA DEL ROCIO;HERMANDAD NTRA SRA DEL ROCIO;Calle ALCOBA, 59, 41701, Dos Hermanas, Sevilla, España;Dos Hermanas;41701;NO VERIFICADO;unknown;;public-search;2026-09-21;No se ha encontrado un horario público inequívoco para esta ficha. Confirmar antes de visitar.;unknown;2;6;Martes;10:29;Horario no verificado · confirmar antes
949;CARTUYU SOCIEDAD LIMITADA;CARTUYU SOCIEDAD LIMITADA;CRTA. SU EMINENCIA, 26, 41006, Sevilla, Sevilla, España;Sevilla;41006;NO VERIFICADO;unknown;;public-search;2026-09-21;No se ha encontrado un horario público inequívoco para esta ficha. Confirmar antes de visitar.;unknown;;;;;
940;RECAMBIOS ARIZA 038000775;JOSE ANGEL ARIZA NAVARRO;Avenida DE SEVILLA, N º178, 41330, Los Rosales, Sevilla, España;Los Rosales;41330;Lunes 07:00-15:00 | Martes 07:00-15:00 | Miércoles 07:00-15:00 | Jueves 07:00-15:00 | Viernes 07:00-15:00 | Sábado Cerrado | Domingo Cerrado;high;Recambios Ariza;google-business;2026-09-21;;verified;17;3;Martes;10:56;Abierto · cierra 15:00
932;CAGUYKICARS SOCIEDAD LIMITADA;CAGUYKICARS SOCIEDAD LIMITADA;Calle ESPALDILLAS, 8 NAVE 1, POLIGONO INDUSTRIAL ESP, 41500, Alcala De Guadaira, Sevilla, España;Alcala De Guadaira;41500;Lunes 08:00-15:00 | Martes 08:00-15:00 | Miércoles 08:00-15:00 | Jueves 08:00-15:00 | Viernes 08:00-15:00 | Sábado Cerrado | Domingo Cerrado;high;Recambios Caguykicars;google-maps;2026-09-21;La dirección pública difiere de la ficha original.;verified;4;9;Jueves;11:37;Abierto · cierra 15:00
926;REME AUTOMOCION Sl;REME AUTOMOCION Sl;Avenida DE ANDALUCIA, 226, 41702, Dos Hermanas, Sevilla, España;Dos Hermanas;41702;Lunes 08:30-14:00 / 16:30-20:00 | Martes 08:30-14:00 / 16:30-20:00 | Miércoles 08:30-14:00 / 16:30-20:00 | Jueves 08:30-14:00 / 16:30-20:00 | Viernes 08:30-14:00 / 16:30-20:00 | Sábado 09:00-13:00 | Domingo Cerrado;high;Reme Automoción;google-business;2026-09-21;;verified;1;7;Lunes;10:28;Abierto · cierra 14:00
921;GERARDO TALLERES S.L.;GERARDO TALLERES S.L.;POL. LA PALMERA - AVDA PALMERA 53 B, 41703, Dos Hermanas, Sevilla, España;Dos Hermanas;41703;Lunes 07:00-15:00 | Martes 07:00-15:00 | Miércoles 07:00-15:00 | Jueves 07:00-15:00 | Viernes 07:00-14:00 | Sábado Cerrado | Domingo Cerrado;high;Gerardo Talleres S.L.;google-business;2026-09-21;;verified;3;1;Miércoles;07:43;Abierto · cierra 15:00
915;AUTORECAMBIOS JUNQUERA SOCIEDAD LIMITADA;AUTORECAMBIOS JUNQUERA SOCIEDAD LIMITADA;Avenida CADIZ 75, 41720, Los Palacios Y Villafranca, Sevilla, España;Los Palacios Y Villafranca;41720;Lunes 09:00-14:00 / 16:00-20:00 | Martes 09:00-14:00 / 16:00-20:00 | Miércoles 09:00-14:00 / 16:00-20:00 | Jueves 09:00-14:00 / 16:00-20:00 | Viernes 09:00-14:00 / 16:00-20:00 | Sábado 09:00-14:00 | Domingo Cerrado;high;Auto Recambios Junquera;google-business;2026-09-21;;verified;5;5;Viernes;10:43;Abierto · cierra 14:00
910;XERA AUTOMOCION, SL;XERA AUTOMOCION, SL;CTRA SU EMINENCIA, 26, 41006, Sevilla, Sevilla, España;Sevilla;41006;Lunes 07:00-18:00 | Martes 07:00-18:00 | Miércoles 07:00-18:00 | Jueves 07:00-18:00 | Viernes 07:00-18:00 | Sábado 09:00-13:00 | Domingo Cerrado;medium;Automares Su Eminencia;official-web;2026-09-21;"Mismo centro histórico Su Eminencia 26; horario del grupo/centro asociado. Confirmar el departamento exacto.";associated;;;;;
903;AUTOS MONTAÑO;MARIO MONTAÑO LOPEZ;Calle CASTILLO LASTRUCCI,Nº 17, 41340, Tocina, Sevilla, España;Tocina;41340;Lunes 09:30-14:00 / 17:30-20:00 | Martes 09:30-14:00 / 17:30-20:00 | Miércoles 09:30-14:00 / 17:30-20:00 | Jueves 09:30-14:00 / 17:30-20:00 | Viernes 09:30-14:00 / 17:30-20:00 | Sábado Cerrado | Domingo Cerrado;high;Autos Montaño;google-business;2026-09-21;;verified;16;9;Lunes;17:30;Apertura 17:30 · cierra 20:00
897;AUTOREPUESTOS PAVON SL;AUTOREPUESTOS PAVON SL;Calle VIRGEN DE LOS DOLORES 20, 41940, Tomares, Sevilla, España;Tomares;41940;Lunes 08:30-14:00 / 16:30-19:30 | Martes 08:30-14:00 / 16:30-19:30 | Miércoles 08:30-14:00 / 16:30-19:30 | Jueves 08:30-14:00 / 16:30-19:30 | Viernes 08:30-14:00 / 16:30-19:30 | Sábado 09:30-13:30 | Domingo Cerrado;high;Autorrepuestos Pavón;google-business;2026-09-21;;verified;11;2;Lunes;08:33;Abierto · cierra 14:00
889;COCHESUR MOTOR, SL;COCHESUR MOTOR, SL;Calle DESARROLLO 43, 41927, Mairena Del Aljarafe, Sevilla, España;Mairena Del Aljarafe;41927;Lunes 09:30-13:30 / 17:00-20:30 | Martes 09:30-13:30 / 17:00-20:30 | Miércoles 09:30-13:30 / 17:00-20:30 | Jueves 09:30-13:30 / 17:00-20:30 | Viernes 09:30-13:30 / 17:00-20:30 | Sábado 10:30-13:30 | Domingo Cerrado;high;Cochesur Mairena del Aljarafe;google-business;2026-09-21;;verified;7;4;Martes;09:30;Apertura 09:30 · cierra 13:30
881;FERO CAR DETAILS SL;FERO CAR DETAILS SL;Calle LISBOA, 200 CP, 41006, Sevilla, Sevilla, España;Sevilla;41006;NO VERIFICADO;unknown;;public-search;2026-09-21;No se ha encontrado un horario público inequívoco para esta ficha. Confirmar antes de visitar.;unknown;;;;;
880;(TECSA)FYRSA;FOMENTO Y REPARACION DE AUTOMOVILES SA;Calle ALAVA, 7, 41007, Sevilla, Sevilla, España;Sevilla;41007;NO VERIFICADO;unknown;;public-search;2026-09-21;No se ha encontrado un horario público inequívoco para esta ficha. Confirmar antes de visitar.;unknown;11;7;Lunes;11:31;Horario no verificado · confirmar antes
876;RECAMBIOS CASTI Sl;RECAMBIOS CASTI Sl;Calle BETIS, 6, 41702, Dos Hermanas, Sevilla, España;Dos Hermanas;41702;Lunes 07:00-14:00 / 16:00-19:00 | Martes 07:00-14:00 / 16:00-19:00 | Miércoles 07:00-14:00 / 16:00-19:00 | Jueves 07:00-14:00 / 16:00-19:00 | Viernes 07:00-14:00 | Sábado Cerrado | Domingo Cerrado;high;Recambios Casti S.L.;google-business;2026-09-21;;verified;;;;;
875;ANDRÉS J. LÓPEZ GONZÁLEZ;ANDRÉS J. LÓPEZ GONZÁLEZ;P.I. LOS VENTOLINES, 10, 41840, Pilas, Sevilla, España;Pilas;41840;Lunes 09:00-19:00 | Martes 09:00-19:00 | Miércoles 09:00-19:00 | Jueves 09:00-19:00 | Viernes 09:00-14:00 | Sábado Cerrado | Domingo Cerrado;medium;Recambios Andrés López;google-business;2026-09-21;La dirección publicada difiere ligeramente de la ficha.;associated;13;9;Miércoles;14:49;Abierto · cierra 19:00
873;PINO IGLESIAS E HIJOS SL;PINO IGLESIAS E HIJOS SL;P.I.EL MALECON, 86, 41300, Rinconada (La), Sevilla, España;Rinconada (La);41300;Lunes 09:00-14:00 / 16:30-19:30 | Martes 09:00-14:00 / 16:30-19:30 | Miércoles 09:00-14:00 / 16:30-19:30 | Jueves 09:00-14:00 / 16:30-19:30 | Viernes 09:00-14:00 / 16:30-19:30 | Sábado Cerrado | Domingo Cerrado;high;Pino Iglesias e Hijos;official-web;2026-09-21;;verified;;;;;
868;MOTOS SUAREZ;FCO JOSE SUAREZ FERNANDEZ;Calle HUERTA, Nº 6, 41567, Herrera, Sevilla, España;Herrera;41567;Lunes 08:30-13:30 / 16:30-19:30 | Martes 08:30-13:30 / 16:30-19:30 | Miércoles 08:30-13:30 / 16:30-19:30 | Jueves 08:30-13:30 / 16:30-19:30 | Viernes 08:30-13:30 / 16:30-19:30 | Sábado Cerrado | Domingo Cerrado;medium;Motos Suarez;google-business;2026-09-21;"Google publica C. Huerta 46; fichas nº6.";associated;18;8;Miércoles;16:30;Apertura 16:30 · cierra 19:30
862;MAD CARS;CRISTOBAL COLON NUMERO 27 Sl;Avenida CRISTOBAL COLON, 27, 41701, Dos Hermanas, Sevilla, España;Dos Hermanas;41701;Lunes 08:00-15:00 / 17:00-20:00 | Martes 08:00-15:00 / 17:00-20:00 | Miércoles 08:00-15:00 / 17:00-20:00 | Jueves 08:00-15:00 / 17:00-20:00 | Viernes 08:00-15:00 / 17:00-20:00 | Sábado 10:00-13:00 | Domingo Cerrado;medium;mad-cars.es;google-business;2026-09-21;El negocio coincide por teléfono, pero Google publica una dirección distinta a la ficha.;associated;2;3;Martes;08:35;Abierto · cierra 15:00
856;BAHIAMOVIL SL;BAHIAMOVIL SL;CRTA. SU EMINENCIA, 26, 41006, Sevilla, Sevilla, España;Sevilla;41006;NO VERIFICADO;unknown;;public-search;2026-09-21;No se ha encontrado un horario público inequívoco para esta ficha. Confirmar antes de visitar.;unknown;;;;;
851;ANDALUZA DE OCASION SOCIEDAD LIMITADA;ANDALUZA DE OCASION SOCIEDAD LIMITADA;Calle INDUSTRIAL BENITO VILLAMARIN, 6, 41710, Utrera, Sevilla, España;Utrera;41710;NO VERIFICADO;unknown;;public-search;2026-09-21;No se ha encontrado un horario público inequívoco para esta ficha. Confirmar antes de visitar.;unknown;;;;;
833;TAYSE RUEDA SL;TAYSE RUEDA SL;Calle CARPINTERIA, 22 CP, 41210, Guillena, Sevilla, España;Guillena;41210;Lunes 08:00-14:00 / 16:30-19:30 | Martes 08:00-14:00 / 16:30-19:30 | Miércoles 08:00-14:00 / 16:30-19:30 | Jueves 08:00-14:00 / 16:30-19:30 | Viernes 08:00-14:00 / 16:30-19:30 | Sábado Cerrado | Domingo Cerrado;high;Tayse Rueda;google-business;2026-09-21;;verified;18;2;Miércoles;09:31;Abierto · cierra 14:00
827;HISPALAUTO SA;HISPALAUTO SA-BAJA;Av. Fernández Murube, 12, 41007, Sevilla, Sevilla, España;Sevilla;41007;Lunes 09:00-14:00 / 17:00-20:30 | Martes 09:00-14:00 / 17:00-20:30 | Miércoles 09:00-14:00 / 17:00-20:30 | Jueves 09:00-14:00 / 17:00-20:30 | Viernes 09:00-14:00 / 17:00-20:30 | Sábado 10:00-14:00 | Domingo Cerrado;high;Hispalauto SEAT;google-business;2026-09-21;La dirección pública actual difiere de la histórica Santa Clara de Cuba.;verified;;;;;
814;CLASSIC CARS DEL SUR Sl;CLASSIC CARS DEL SUR Sl;CRTA. SEVILLA-MALAGA, KM 9,2, 41500, Alcala De Guadaira, Sevilla, España;Alcala De Guadaira;41500;NO VERIFICADO;unknown;;public-search;2026-09-21;No se ha encontrado un horario público inequívoco para esta ficha. Confirmar antes de visitar.;unknown;;;;;
811;GUADALPARKING SOCIEDAD LIMITADA;GUADALPARKING SOCIEDAD LIMITADA;Avenida HYTASA, 38 EDIFICIO TOLEDO II, OFICINA Nº, 41006, Sevilla, Sevilla, España;Sevilla;41006;NO VERIFICADO;unknown;;public-search;2026-09-21;No se ha encontrado un horario público inequívoco para esta ficha. Confirmar antes de visitar.;unknown;10;7;Viernes;11:56;Horario no verificado · confirmar antes
804;RECAMBIOS JUAN JOSE MEDINA, SL;RECAMBIOS JUAN JOSE MEDINA, SL;P.I. EL PILERO C/ CALEROS, 1, 41410, Carmona, Sevilla, España;Carmona;41410;Lunes 08:00-20:00 | Martes 08:00-20:00 | Miércoles 08:00-20:00 | Jueves 08:00-20:00 | Viernes 08:00-20:00 | Sábado 09:00-13:30 | Domingo Cerrado;high;Recambios Medina;official-web;2026-09-21;;verified;15;10;Viernes;18:08;Abierto · cierra 20:00
780;SUMINISTROS Y RECAMBIOS ARANCON S.L.;SUMINISTROS Y RECAMBIOS ARANCON S.L.;Avenida ANTONIO MACHADO, Nº 29, 41440, Lora Del Rio, Sevilla, España;Lora Del Rio;41440;Lunes 08:00-14:00 / 16:00-19:00 | Martes 08:00-14:00 / 16:00-19:00 | Miércoles 08:00-14:00 / 16:00-19:00 | Jueves 08:00-14:00 / 16:00-19:00 | Viernes 08:00-14:00 / 16:00-19:00 | Sábado Cerrado | Domingo Cerrado;medium;Suministros y Recambios Vilanova;google-business;2026-09-21;"Ficha denomina Arancon; dirección coincide.";associated;;;;;
776;SUMINISTROS INDUSTRIALES LOS HERBEROS,SL;SUMINISTROS INDUSTRIALES LOS HERBEROS,SL;Avenida de Andalucía, 256, 41702, Dos Hermanas, Sevilla, España;Dos Hermanas;41702;Lunes 07:00-18:00 | Martes 07:00-18:00 | Miércoles 07:00-18:00 | Jueves 07:00-18:00 | Viernes 07:00-15:00 | Sábado Cerrado | Domingo Cerrado;high;Los Herberos;official-web;2026-09-21;;verified;1;6;Lunes;09:59;Abierto · cierra 18:00
754;FERNANDO LEAL ARRIAZA;FERNANDO LEAL ARRIAZA;Avenida JOSE ANTONIO GALLEGO 58, 41749, El Cuervo, Sevilla, España;El Cuervo;41749;Lunes 09:00-14:00 | Martes 09:00-14:00 | Miércoles 09:00-14:00 | Jueves 09:00-14:00 | Viernes 09:00-14:00 | Sábado Cerrado | Domingo Cerrado;high;Talleres y Neumáticos Leal;google-business;2026-09-21;;verified;19;2;Jueves;09:00;Apertura 09:00 · cierra 14:00
753;SAN RAFAEL MOTOR SL;SAN RAFAEL MOTOR SL;CRTA. SU EMINENCIA, 26, 41006, Sevilla, Sevilla, España;Sevilla;41006;NO VERIFICADO;unknown;;public-search;2026-09-21;No se ha encontrado un horario público inequívoco para esta ficha. Confirmar antes de visitar.;unknown;10;6;Viernes;11:27;Horario no verificado · confirmar antes
749;JUANBLA MOTORS S.L.U.;JUANBLA MOTORS S.L.U.;RONDA DE LOS TORNEROS, 21, 41710, Utrera, Sevilla, España;Utrera;41710;NO VERIFICADO;unknown;;public-search;2026-09-21;No se ha encontrado un horario público inequívoco para esta ficha. Confirmar antes de visitar.;unknown;;;;;
747;RIGMOSUR SERVICIOS INDUSTRIALES Y AGRICOLAS SL;RIGMOSUR SERVICIOS INDUSTRIALES Y AGRICOLAS SL;Calle Roma, 54, 41720, Los Palacios Y Villafranca, Sevilla, España;Los Palacios Y Villafranca;41720;Lunes 08:00-14:00 / 16:00-20:00 | Martes 08:00-14:00 / 16:00-20:00 | Miércoles 08:00-14:00 / 16:00-20:00 | Jueves 08:00-14:00 / 16:00-20:00 | Viernes 08:00-14:00 / 16:00-20:00 | Sábado 09:00-14:00 | Domingo Cerrado;high;Rigmosur;web-directory;2026-09-21;;verified;5;4;Viernes;10:14;Abierto · cierra 14:00
746;REPUESTOS GUILLEN  038000685;JOSE MANUEL GUILLEN NAVARRO;Calle LEPANTO, 10, 41318, Villaverde Del Rio, Sevilla, España;Villaverde Del Rio;41318;Lunes 08:30-14:00 / 16:30-20:00 | Martes 08:30-14:00 / 16:30-20:00 | Miércoles 08:30-14:00 / 16:30-20:00 | Jueves 08:30-14:00 / 16:30-20:00 | Viernes 08:30-14:00 / 16:30-20:00 | Sábado Cerrado | Domingo Cerrado;high;Repuestos Guillén;google-business;2026-09-21;;verified;16;5;Lunes;12:52;Abierto · cierra 14:00
743;MOTRI MOTOR SA;MOTRI MOTOR SA;CRTA. SU EMINENCIA, 26, 41006, Sevilla, Sevilla, España;Sevilla;41006;NO VERIFICADO;unknown;;public-search;2026-09-21;No se ha encontrado un horario público inequívoco para esta ficha. Confirmar antes de visitar.;unknown;10;5;Viernes;10:58;Horario no verificado · confirmar antes
741;FONTAGRICOLA DEL SUR SL;FONTAGRICOLA DEL SUR SL;C. Hilanderos, 5-7, 41410, Carmona, Sevilla, España;Carmona;41410;Lunes 08:00-14:00 / 16:00-20:00 | Martes 08:00-14:00 / 16:00-20:00 | Miércoles 08:00-14:00 / 16:00-20:00 | Jueves 08:00-14:00 / 16:00-20:00 | Viernes 08:00-14:00 / 16:00-20:00 | Sábado 09:00-14:00 | Domingo Cerrado;high;Fontagricola del Sur S.L.;google-business;2026-09-21;La dirección pública actual difiere de Albadoneros/Albardonero 18.;verified;15;9;Viernes;17:39;Abierto · cierra 20:00
734;REPUESTO VALME - 038000640;FRANCISCO JAVIER JIMENEZ MARTIN;Avenida de Bellavista, 143, 41014, Sevilla, Sevilla, España;Sevilla;41014;Lunes 09:00-13:45 / 17:00-20:00 | Martes 09:00-13:45 / 17:00-20:00 | Miércoles 09:00-13:45 / 17:00-20:00 | Jueves 09:00-13:45 / 17:00-20:00 | Viernes 09:00-13:45 | Sábado Cerrado | Domingo Cerrado;high;Repuestos Valme;google-maps;2026-09-21;;verified;3;6;Miércoles;10:15;Abierto · cierra 13:45
729;METATRAFIC,SLU;METATRAFIC,SLU;Calle ARAGON, 1 LOCAL 3, 41702, Dos Hermanas, Sevilla, España;Dos Hermanas;41702;NO VERIFICADO;unknown;;public-search;2026-09-21;No se ha encontrado un horario público inequívoco para esta ficha. Confirmar antes de visitar.;unknown;;;;;
718;BAJA, FACTURAR A BAHIA MOVIL;TRASUR SA-;CRTA. SU EMINENCIA, 26, 41006, Sevilla, Sevilla, España;Sevilla;41006;NO VERIFICADO;unknown;;public-search;2026-09-21;No se ha encontrado un horario público inequívoco para esta ficha. Confirmar antes de visitar.;unknown;;;;;
716;AUTORRECAMBIOS SALVADOR;SALVADOR SARRION VALLE;Calle LOS CARTEROS, 131, 41300, San Jose De La Rinconada, Sevilla, España;San Jose De La Rinconada;41300;Lunes 09:00-14:00 / 16:00-20:00 | Martes 09:00-14:00 / 16:00-20:00 | Miércoles 09:00-14:00 / 16:00-20:00 | Jueves 09:00-14:00 / 16:00-20:00 | Viernes 09:00-14:00 / 16:00-20:00 | Sábado 09:00-14:00 | Domingo Cerrado;high;Autorecambios Salvador;google-business;2026-09-21;;verified;9;15;Jueves;16:00;Apertura 16:00 · cierra 20:00
714;TALLER HNOS LOPEZ SANTIPONCE, SL;TALLER HNOS LOPEZ SANTIPONCE, SL;Avenida Virgen del Rocío, s/n, 41970, Santiponce, Sevilla, España;Santiponce;41970;Lunes 07:00-15:00 | Martes 07:00-15:00 | Miércoles 07:00-15:00 | Jueves 07:00-15:00 | Viernes 07:00-15:00 | Sábado Cerrado | Domingo Cerrado;high;Talleres Hnos. López Santiponce;google-business;2026-09-21;;verified;11;3;Lunes;09:09;Abierto · cierra 15:00
713;KING GLASS IMPORT SOCIEDAD LIMITADA;KING GLASS IMPORT SOCIEDAD LIMITADA;P.I. MAJARAVIQUE, NAVE Nº 12, LETRA B, 41309, Rinconada (La), Sevilla, España;Rinconada (La);41309;Lunes 10:00-14:00 | Martes 10:00-14:00 | Miércoles 10:00-14:00 | Jueves 10:00-14:00 | Viernes 10:00-14:00 | Sábado Cerrado | Domingo Cerrado;high;Kinglass;google-business;2026-09-21;;verified;16;3;Lunes;11:37;Abierto · cierra 14:00
707;UTRERANA DE OCASION SOCIEDAD LIMITADA;UTRERANA DE OCASION SOCIEDAD LIMITADA;Avenida VIRGEN DE FATIMA, 101, 41710, Utrera, Sevilla, España;Utrera;41710;NO VERIFICADO;unknown;;public-search;2026-09-21;No se ha encontrado un horario público inequívoco para esta ficha. Confirmar antes de visitar.;unknown;14;5;Jueves;12:11;Horario no verificado · confirmar antes
704;FERNANDO SEGURA ORIHUELA;FERNANDO SEGURA ORIHUELA;P.I. EL CERRO. C/ CARPINTERIA 16, 41210, Guillena, Sevilla, España;Guillena;41210;Lunes 06:30-14:30 | Martes 06:30-14:30 | Miércoles 06:30-14:30 | Jueves 06:30-14:30 | Viernes 06:30-14:30 | Sábado Cerrado | Domingo Cerrado;medium;Segura Orihuela S.L.;google-business;2026-09-21;"Google publica C. Carpintería 18; la ficha nº16.";associated;18;3;Miércoles;10:00;Abierto · cierra 14:30
701;MIRAMAR MOTOR S.L.;MIRAMAR MOTOR S.L.;CRTA. SU EMINENCIA, 26, 41006, Sevilla, Sevilla, España;Sevilla;41006;NO VERIFICADO;unknown;;public-search;2026-09-21;No se ha encontrado un horario público inequívoco para esta ficha. Confirmar antes de visitar.;unknown;;;;;
698;AUTOPARTS SEVILLA S.L.;AUTOPARTS SEVILLA S.L.;Calle H, 9 C. PG. SERVIALSA, 41960, Gines, Sevilla, España;Gines;41960;NO VERIFICADO;unknown;;public-search;2026-09-21;No se ha encontrado un horario público inequívoco para esta ficha. Confirmar antes de visitar.;unknown;;;;;
696;RECAMBIOS COPADO SOCIEDAD LIMITADA;RECAMBIOS COPADO SOCIEDAD LIMITADA;Avenida DE LA ASUNCION, 36 LOCAL 1, 41530, Moron De La Frontera, Sevilla, España;Moron De La Frontera;41530;Lunes 09:00-14:00 / 16:30-19:30 | Martes 09:00-14:00 / 16:30-19:30 | Miércoles 09:00-14:00 / 16:30-19:30 | Jueves 09:00-14:00 / 16:30-19:30 | Viernes 08:00-14:00 | Sábado Cerrado | Domingo Cerrado;medium;Recambios Copado;google-business;2026-09-21;"Google publica Av. la Asunción 24; fichas nº36.";associated;;;;;
687;RECAMBIOS FERMO S.L.;RECAMBIOS FERMO S.L.;Avenida EMILIO LEMOS, 30 LOCAL 3, 41020, Sevilla, Sevilla, España;Sevilla;41020;Lunes 09:30-14:00 / 17:30-20:30 | Martes 09:30-14:00 / 17:30-20:30 | Miércoles 09:30-14:00 / 17:30-20:30 | Jueves 09:30-14:00 / 17:30-20:30 | Viernes 09:30-14:00 | Sábado Cerrado | Domingo Cerrado;high;Fermo - Recambios del automóvil;google-maps;2026-09-21;;verified;8;3;Miércoles;09:30;Apertura 09:30 · cierra 14:00
686;CHAPA Y PINTURA ROSENDO SLU;CHAPA Y PINTURA ROSENDO SLU;C. Esparteros, 5, 41410, Carmona, Sevilla, España;Carmona;41410;Lunes 08:00-18:00 | Martes 08:00-18:00 | Miércoles 08:00-18:00 | Jueves 08:00-18:00 | Viernes 07:00-15:00 | Sábado Cerrado | Domingo Cerrado;high;Chapa y Pintura Rosendo, S.L.U;google-business;2026-09-21;;verified;17;1;Martes;08:08;Abierto · cierra 18:00
680;JAVIER AUTOSPORT SEVILLA SOCIEDAD LIMITADA;JAVIER AUTOSPORT SEVILLA SOCIEDAD LIMITADA;Calle TRES AVEMARIAS, 41016, Sevilla, Sevilla, España;Sevilla;41016;NO VERIFICADO;unknown;;public-search;2026-09-21;No se ha encontrado un horario público inequívoco para esta ficha. Confirmar antes de visitar.;unknown;;;;;
670;(RECAMBIOS RUIZ);INMACULADA RUIZ ROMERO;Avenida ANDALUCIA , 41, 41740, Lebrija, Sevilla, España;Lebrija;41740;Lunes 09:00-14:00 / 16:00-21:00 | Martes 09:00-14:00 / 16:00-21:00 | Miércoles 09:00-14:00 / 16:00-21:00 | Jueves 09:00-14:00 / 16:00-21:00 | Viernes 09:00-14:00 / 16:00-21:00 | Sábado 09:00-14:00 | Domingo Cerrado;high;Autorecambios Ruiz;google-business;2026-09-21;;verified;14;9;Jueves;16:00;Apertura 16:00 · cierra 21:00
668;REPUESTOS FALCO S.L.;REPUESTOS FALCO S.L.;TRAVIESA SAN IGNACIO 47, 41620, Marchena, Sevilla, España;Marchena;41620;Lunes 09:00-13:30 / 17:00-19:00 | Martes 09:00-13:30 / 17:00-19:00 | Miércoles 09:00-13:30 / 17:00-19:00 | Jueves 09:00-13:30 / 17:00-19:00 | Viernes 09:00-15:00 | Sábado Cerrado | Domingo Cerrado;high;Repuestos Falco;google-business;2026-09-21;;verified;;;;;
666;MOTRALBA SL;MOTRALBA SL;Calle EXPOSICION, 12 P.I.PISA, 41927, Mairena Del Aljarafe, Sevilla, España;Mairena Del Aljarafe;41927;Lunes 08:00-14:00 / 16:00-18:00 | Martes 08:00-14:00 / 16:00-18:00 | Miércoles 08:00-14:00 / 16:00-18:00 | Jueves 08:00-14:00 / 16:00-18:00 | Viernes 08:00-14:00 / 16:00-18:00 | Sábado Cerrado | Domingo Cerrado;high;Talleres Alba / Motralba;google-business;2026-09-21;"Las fichas comparten teléfono/dirección; se aplica el horario del centro publicado.";verified;7;1;Martes;08:00;Apertura 08:00 · cierra 14:00
659;MULTIRECAMBIOS LEBRIJA SOCIEDAD LIMITADA;MULTIRECAMBIOS LEBRIJA SOCIEDAD LIMITADA;Calle AGUILA, 55, 41740, Lebrija, Sevilla, España;Lebrija;41740;Lunes 08:00-14:00 / 16:00-18:00 | Martes 08:00-14:00 / 16:00-18:00 | Miércoles 08:00-14:00 / 16:00-18:00 | Jueves 08:00-14:00 / 16:00-18:00 | Viernes 08:00-14:00 / 16:00-18:00 | Sábado Cerrado | Domingo Cerrado;medium;Multirecambios Lebrija;google-business;2026-09-21;La ficha 150 parece corresponder al mismo negocio por contacto/teléfono, pero dirección fiscal diferente.;associated;14;11;Jueves;16:58;Abierto · cierra 18:00
657;GETARES MOTOR S.L.;GETARES MOTOR S.L.;CRTA. DE SU EMINENCIA, 26, 41006, Sevilla, Sevilla, España;Sevilla;41006;NO VERIFICADO;unknown;;public-search;2026-09-21;No se ha encontrado un horario público inequívoco para esta ficha. Confirmar antes de visitar.;unknown;;;;;
652;ILBIRA MOTOR S.L.;ILBIRA MOTOR S.L.;CRTA. SU EMINENCIA, 26, 41006, Sevilla, Sevilla, España;Sevilla;41006;NO VERIFICADO;unknown;;public-search;2026-09-21;No se ha encontrado un horario público inequívoco para esta ficha. Confirmar antes de visitar.;unknown;10;4;Viernes;10:29;Horario no verificado · confirmar antes
651;REPUESTOS PARADAS;FERNANDO AVECILLA MORTERO;Calle CAMINO ENMEDIO, 29, 41610, Paradas, Sevilla, España;Paradas;41610;Lunes 08:00-14:00 / 16:00-20:00 | Martes 08:00-14:00 / 16:00-20:00 | Miércoles 08:00-14:00 / 16:00-20:00 | Jueves 08:00-14:00 / 16:00-20:00 | Viernes 08:00-14:00 / 16:00-20:00 | Sábado 09:00-13:00 | Domingo Cerrado;high;Repuestos y Rodamientos Paradas;google-maps;2026-09-21;;verified;15;8;Viernes;16:45;Abierto · cierra 20:00
647;STORE CENTER S.L.;STORE CENTER S.L.;Calle GRAMIL, 4 - POL. STORE, NAVE 1, 41008, Sevilla, Sevilla, España;Sevilla;41008;Lunes 07:00-15:00 | Martes 07:00-15:00 | Miércoles 07:00-15:00 | Jueves 07:00-15:00 | Viernes 07:00-15:00 | Sábado Cerrado | Domingo Cerrado;high;Bosch Car Service - Store Center;google-maps;2026-09-21;;verified;6;14;Lunes;14:19;Abierto · cierra 15:00
642;CARTEYA MOTOR S.L.;CARTEYA MOTOR S.L.;CRTA. DE SU EMINENCIA, 26, 41006, Sevilla, Sevilla, España;Sevilla;41006;NO VERIFICADO;unknown;;public-search;2026-09-21;No se ha encontrado un horario público inequívoco para esta ficha. Confirmar antes de visitar.;unknown;10;3;Viernes;10:00;Horario no verificado · confirmar antes
641;ROSARIO NARANJO FERNANDEZ;ROSARIO NARANJO FERNANDEZ;Avenida DE BOSQUE 15, 41760, El Coronil, Sevilla, España;El Coronil;41760;NO VERIFICADO;unknown;;public-search;2026-09-21;No se ha encontrado un horario público inequívoco para esta ficha. Confirmar antes de visitar.;unknown;15;5;Viernes;12:39;Horario no verificado · confirmar antes
638;VICTOR MANUEL BLANCO RAYA;VICTOR MANUEL BLANCO RAYA;COMUNIDAD CASTILLA LEON BQ2 2ª DER, 41008, Sevilla, Sevilla, España;Sevilla;41008;NO VERIFICADO;unknown;;public-search;2026-09-21;No se ha encontrado un horario público inequívoco para esta ficha. Confirmar antes de visitar.;unknown;11;5;Lunes;10:33;Horario no verificado · confirmar antes
635;FERRETERIA JUAN M.BORRALLO QUIVEU;JUAN MANUEL BORRALLO QUIVEU;Calle ASENCIO Y TOLEDO,6, 41014, Sevilla, Sevilla, España;Sevilla;41014;Lunes 09:00-14:00 / 17:00-20:00 | Martes 09:00-14:00 / 17:00-20:00 | Miércoles 09:00-14:00 / 17:00-20:00 | Jueves 09:00-14:00 / 17:00-20:00 | Viernes 09:00-14:00 / 17:00-20:00 | Sábado Cerrado | Domingo Cerrado;high;Ferretería Bellavista;google-maps;2026-09-21;;verified;3;5;Miércoles;09:46;Abierto · cierra 14:00
622;LLAVES LUQUE - 038000710;SERGIO LUQUE QUESADA;Calle CORRAL DE LOS BARQUELLEROS, Nº2 LOCAL 2, 41015, Sevilla, Sevilla, España;Sevilla;41015;Lunes 09:00-13:30 / 17:00-20:00 | Martes 09:00-13:30 / 17:00-20:00 | Miércoles 09:00-13:30 / 17:00-20:00 | Jueves 09:00-13:30 / 17:00-20:00 | Viernes 09:00-13:30 / 17:00-20:00 | Sábado 09:30-13:00 | Domingo Cerrado;medium;Llaves Luque;google-maps;2026-09-21;"El negocio coincide por teléfono y nombre; el portal publicado difiere de la ficha (2 Local 2).";associated;10;9;Viernes;13:01;Abierto · cierra 13:30
621;TALLERES FERO (BAJA);TALLERES HERMANOS FERNANDEZ SANCHEZ S.L.;Calle GALICIA, 72, 41006, Sevilla, Sevilla, España;Sevilla;41006;NO VERIFICADO;unknown;;public-search;2026-09-21;No se ha encontrado un horario público inequívoco para esta ficha. Confirmar antes de visitar.;unknown;;;;;
616;RAZVAN BLANARU - AUTO RECAMBIOS 600;RAZVAN BLANARU - AUTO RECAMBIOS 600;Calle ALCALDE DE FRANCISCO SALADO, Nº 38A, 41806, Umbrete, Sevilla, España;Umbrete;41806;NO VERIFICADO;unknown;;public-search;2026-09-21;No se ha encontrado un horario público inequívoco para esta ficha. Confirmar antes de visitar.;unknown;;;;;
606;TALLER DE CHAPA Y PINTURA LOS LLANOS SLL;TALLER DE CHAPA Y PINTURA LOS LLANOS SLL;EXTREMADURA ( PARQ. EMPRESARIAL LOS LLANOS ), 54, 41909, Salteras, Sevilla, España;Salteras;41909;Lunes 07:00-15:00 | Martes 07:00-15:00 | Miércoles 07:00-15:00 | Jueves 07:00-15:00 | Viernes 07:00-15:00 | Sábado Cerrado | Domingo Cerrado;medium;Taller Chapa y Pintura Los Llanos;google-business;2026-09-21;Ficha nº54, Google nº53.;associated;;;;;
605;CAMEBE, SA;CAMEBE, SA;CTRA SEVILLA-MALAGA, KM 9,2, 41009, Sevilla, Sevilla, España;Sevilla;41009;Lunes 08:00-18:00 | Martes 08:00-18:00 | Miércoles 08:00-18:00 | Jueves 08:00-18:00 | Viernes 08:00-18:00 | Sábado Cerrado | Domingo Cerrado;medium;CAMEBE / Grupo Concesur;official-web;2026-09-21;"Coincide teléfono y grupo; horario asociado al centro Grupo Concesur. Confirmar ubicación de visita.";associated;;;;;
604;NEUMATICOS VIRGEN DEL ROCIO S.L.;NEUMATICOS VIRGEN DEL ROCIO S.L.;Avenida DEL ALJARAFE, 37, 41840, Pilas, Sevilla, España;Pilas;41840;Lunes 08:00-14:00 / 17:00-20:00 | Martes 08:00-14:00 / 17:00-20:00 | Miércoles 08:00-14:00 / 17:00-20:00 | Jueves 08:00-14:00 / 17:00-20:00 | Viernes 08:00-14:00 | Sábado Cerrado | Domingo Cerrado;high;Euromaster Neumáticos Virgen del Rocío;official-web;2026-09-21;;verified;13;13;Miércoles;17:29;Abierto · cierra 20:00
597;LUIS FALCON GANFORNINA - TALLERES HNOS. FALCON;LUIS FALCON GANFORNINA - TALLERES HNOS. FALCON;POL. RODALABOTA, C/ TORNERO 17, 41749, El Cuervo, Sevilla, España;El Cuervo;41749;Lunes 07:00-15:00 | Martes 07:00-15:00 | Miércoles 07:00-15:00 | Jueves 07:00-15:00 | Viernes 07:00-15:00 | Sábado Cerrado | Domingo Cerrado;high;Talleres Hnos. Falcón;google-business;2026-09-21;;verified;19;1;Jueves;08:21;Abierto · cierra 15:00
596;MIGUEL BARCO ALONSO-DETAIL ALONSO;MIGUEL BARCO ALONSO-DETAIL ALONSO;Calle SOCIOLOGIA, 25, 41015, Sevilla, Sevilla, España;Sevilla;41015;CERRADO TEMPORALMENTE;high;Detail Alonso;google-maps;2026-09-21;Google Maps lo marca como cerrado temporalmente. No incluir automáticamente en visitas hasta confirmar reapertura.;temporarily_closed;;;;;
585;RAFAEL RICO GUERRERO (POLIVISO);RAFAEL RICO GUERRERO (POLIVISO);Calle CARPINTEROS, 81, 41520, El Viso Del Alcor, Sevilla, España;El Viso Del Alcor;41520;Lunes 08:00-14:00 / 16:00-19:00 | Martes 08:00-14:00 / 16:00-19:00 | Miércoles 08:00-14:00 / 16:00-19:00 | Jueves 08:00-14:00 / 16:00-19:00 | Viernes 08:00-14:00 / 16:00-19:00 | Sábado 09:00-13:00 | Domingo Cerrado;high;Poliviso Autorepuestos;google-business;2026-09-21;;verified;5;15;Viernes;16:29;Abierto · cierra 19:00
581;EURORECAMBIOS DEL CAMION SL;EURORECAMBIOS DEL CAMION SL;CRTA. SEVILLA - MALAGA, KM 8,1, 41500, Alcala De Guadaira, Sevilla, España;Alcala De Guadaira;41500;Lunes 08:00-14:00 / 16:00-18:30 | Martes 08:00-14:00 / 16:00-18:30 | Miércoles 08:00-14:00 / 16:00-18:30 | Jueves 08:00-14:00 / 16:00-18:30 | Viernes 08:00-14:00 / 16:00-18:30 | Sábado Cerrado | Domingo Cerrado;high;Eurorecambios del Camión;official-web;2026-09-21;;verified;4;8;Jueves;11:08;Abierto · cierra 14:00
579;MOISES BARROSO RODRIGUEZ;MOISES BARROSO RODRIGUEZ;Avenida DE LA PAZ, Nº 89 8B, 41013, Sevilla, Sevilla, España;Sevilla;41013;NO VERIFICADO;unknown;;public-search;2026-09-21;No se ha encontrado un horario público inequívoco para esta ficha. Confirmar antes de visitar.;unknown;3;9;Miércoles;11:47;Horario no verificado · confirmar antes
569;ALEJANDRO DIAZ BRIOSO;ALEJANDRO DIAZ BRIOSO;Calle SOL, Nº 12, 41220, Burguillos, Sevilla, España;Burguillos;41220;Lunes 09:00-14:00 / 16:00-20:30 | Martes 09:00-14:00 / 16:00-20:30 | Miércoles 09:00-14:00 / 16:00-20:30 | Jueves 09:00-14:00 / 16:00-20:30 | Viernes 09:00-14:00 / 16:00-20:30 | Sábado 10:00-14:00 | Domingo Cerrado;high;Repuestos Brioso;google-maps;2026-09-21;;verified;16;6;Lunes;13:31;Abierto · cierra 14:00
565;ALQUILER QUITASOL SL;ALQUILER QUITASOL SL;Calle FOREÑO. S/N POL. INDUSTRIAL CIUDAD BLANCA, 41700, Dos Hermanas, Sevilla, España;Dos Hermanas;41700;Lunes 08:00-18:00 | Martes 08:00-18:00 | Miércoles 08:00-18:00 | Jueves 08:00-18:00 | Viernes 08:00-18:00 | Sábado Cerrado | Domingo Cerrado;medium;Toldos y Carpas Quitasol;google-business;2026-09-21;Google coincide en negocio/sector pero publica nº 12 frente a s/n del fichero.;associated;2;2;Martes;08:06;Abierto · cierra 18:00
563;CARTUJA MOTOR SA-BAJA;CARTUJA MOTOR SA-BAJA;POLG. IND. SU EMINENCIA, C/D, N.º 1-2, 41006, Sevilla, Sevilla, España;Sevilla;41006;Lunes 09:00-14:00 / 16:30-20:30 | Martes 09:00-14:00 / 16:30-20:30 | Miércoles 09:00-14:00 / 16:30-20:30 | Jueves 09:00-14:00 / 16:30-20:30 | Viernes 09:00-14:00 / 16:30-20:30 | Sábado 10:00-14:00 | Domingo Cerrado;high;Cartuja Motor;official-web;2026-09-21;;verified;;;;;
554;ASESORIA RAMOS;MARIA DEL MAR RAMOS MORENO;ANDALUCIA, 173, 41702, Dos Hermanas, Sevilla, España;Dos Hermanas;41702;Lunes 09:30-14:00 / 17:00-20:00 | Martes 09:30-14:00 / 17:00-20:00 | Miércoles 09:30-14:00 | Jueves 09:30-14:00 / 17:00-20:00 | Viernes 09:30-14:00 | Sábado Cerrado | Domingo Cerrado;high;Ramos Consultores;google-business;2026-09-21;;verified;1;5;Lunes;09:30;Abierto · cierra 14:00
553;BASILIO MUÑOZ MARTIN;BASILIO MUÑOZ MARTIN;Avenida BADIA POLESINE, 3ºC, 41560, Estepa, Sevilla, España;Estepa;41560;Lunes 09:00-14:30 / 16:30-19:00 | Martes 09:00-14:30 / 16:30-19:00 | Miércoles 09:00-14:30 / 16:30-19:00 | Jueves 09:00-14:30 / 16:30-19:00 | Viernes 09:00-14:30 / 16:30-19:00 | Sábado Cerrado | Domingo Cerrado;high;Motos Muñoz;google-business;2026-09-21;;verified;;;;;
551;CASA TEJERA SRL;CASA TEJERA SRL;FERIA 75, 41002, Sevilla, Sevilla, España;Sevilla;41002;Lunes 10:00-13:45 / 17:00-20:30 | Martes 10:00-13:45 / 17:00-20:30 | Miércoles 10:00-13:45 / 17:00-20:30 | Jueves 10:00-13:45 / 17:00-20:30 | Viernes 10:00-13:45 / 17:00-20:30 | Sábado Cerrado | Domingo Cerrado;high;Casa Tejera;web-directory;2026-09-21;;verified;7;11;Martes;13:05;Abierto · cierra 13:45
544;SUREDHER SL;SUREDHER SL;Avenida de Andalucía, 252, 41702, Dos Hermanas, Sevilla, España;Dos Hermanas;41702;Lunes 07:30-14:30 | Martes 07:30-14:30 | Miércoles 07:30-14:30 | Jueves 07:30-14:30 | Viernes 07:30-14:30 | Sábado Cerrado | Domingo Cerrado;high;SUREDHER Pinturas y Barnices;google-business;2026-09-21;;verified;1;3;Lunes;08:32;Abierto · cierra 14:30
535;RECAMBIOS ARNEDO;ARNEDO JOSE GONZALEZ VALLADARES;Calle ZORRILLA, 33, 41840, Pilas, Sevilla, España;Pilas;41840;Lunes 09:00-14:00 / 16:00-19:00 | Martes 09:00-14:00 / 16:00-19:00 | Miércoles 09:00-14:00 / 16:00-19:00 | Jueves 09:00-14:00 / 16:00-19:00 | Viernes 09:00-13:30 / 16:00-19:00 | Sábado Cerrado | Domingo Cerrado;medium;Autorepuestos Arnedo;google-business;2026-09-21;"Google publica C. Lope de Vega; la ficha indica C. Zorrilla 33.";associated;13;11;Miércoles;16:29;Abierto · cierra 19:00
530;ANA ISABEL ROLDAN GARZON;ANA ISABEL ROLDAN GARZON;Calle LUIS FUENTES BEJARANO,50 BLQ.5 A-DCHA, 41020, Sevilla, Sevilla, España;Sevilla;41020;NO VERIFICADO;unknown;;public-search;2026-09-21;No se ha encontrado un horario público inequívoco para esta ficha. Confirmar antes de visitar.;unknown;8;4;Miércoles;10:00;Horario no verificado · confirmar antes
525;MANUEL LOPEZ ANGUITA;MANUEL LOPEZ ANGUITA;Calle LEOPOLDO ALAS CLARIN, 203, 41704, Dos Hermanas, Sevilla, España;Dos Hermanas;41704;NO VERIFICADO;unknown;;public-search;2026-09-21;No se ha encontrado un horario público inequívoco para esta ficha. Confirmar antes de visitar.;unknown;2;10;Martes;12:27;Horario no verificado · confirmar antes
517;MORMANUELA SL;MORMANUELA SL;Calle TALABARTEROS, 20, 41710, Utrera, Sevilla, España;Utrera;41710;NO VERIFICADO;unknown;;public-search;2026-09-21;No se ha encontrado un horario público inequívoco para esta ficha. Confirmar antes de visitar.;unknown;14;4;Jueves;11:42;Horario no verificado · confirmar antes
504;AUTORECAMBIOS VERDEJO S.l.;AUTORECAMBIOS VERDEJO S.l.;CRTA. DE HERRERA, 41, 41580, Casariche, Sevilla, España;Casariche;41580;Lunes 09:00-14:00 / 16:00-19:30 | Martes 09:00-14:00 / 16:00-19:30 | Miércoles 09:00-14:00 / 16:00-19:30 | Jueves 09:00-14:00 / 16:00-19:30 | Viernes 09:00-14:00 / 16:00-19:30 | Sábado 09:00-14:00 | Domingo Cerrado;high;Auto Recambios Verdejo;google-maps;2026-09-21;;verified;18;9;Miércoles;17:15;Abierto · cierra 19:30
487;HISPALENSE GLASS S.L.;HISPALENSE GLASS S.L.;Calle LEONARDO DA VINCI, 25, 41220, Burguillos, Sevilla, España;Burguillos;41220;NO VERIFICADO;unknown;;public-search;2026-09-21;No se ha encontrado un horario público inequívoco para esta ficha. Confirmar antes de visitar.;unknown;18;4;Miércoles;10:49;Horario no verificado · confirmar antes
485;VERONICA SERRANO PALOMO (GEBAUTO);VERONICA SERRANO PALOMO (GEBAUTO);Avenida /MAR DEL MEDITERRANEO, BLQ 1 LOCAL 3, 41500, Alcala De Guadaira, Sevilla, España;Alcala De Guadaira;41500;NO VERIFICADO;unknown;;public-search;2026-09-21;No se ha encontrado un horario público inequívoco para esta ficha. Confirmar antes de visitar.;unknown;14;1;Jueves;10:00;Horario no verificado · confirmar antes
484;REPUESTOS MANOLITO 038000740-038000753;LEONLU SL;Calle D' EUROPA, 61 - URB. MONTEQUINTO, 41089, Dos Hermanas, Sevilla, España;Dos Hermanas;41089;Lunes 09:00-14:00 / 17:00-20:30 | Martes 09:00-14:00 / 17:00-20:30 | Miércoles 09:00-14:00 / 17:00-20:30 | Jueves 09:00-14:00 / 17:00-20:30 | Viernes 09:00-14:00 / 17:00-20:30 | Sábado 09:00-13:30 | Domingo Cerrado;high;Repuestos Manolito;google-business;2026-09-21;;verified;2;12;Martes;13:29;Abierto · cierra 14:00
480;HIJOS A RUIZ ROMAN SL;HIJOS A RUIZ ROMAN SL;Calle BRUJULA 30 ( POL. IND. PISA ), 41927, Mairena Del Aljarafe, Sevilla, España;Mairena Del Aljarafe;41927;NO VERIFICADO;unknown;;public-search;2026-09-21;No se ha encontrado un horario público inequívoco para esta ficha. Confirmar antes de visitar.;unknown;7;5;Martes;10:00;Horario no verificado · confirmar antes
478;RECASEIS S.R.L.L.;RECASEIS S.R.L.L.;Avenida PRENSA (LA) 28 ( P. I. C. A. ), 41007, Sevilla, Sevilla, España;Sevilla;41007;Lunes 09:00-14:00 / 16:00-19:30 | Martes 09:00-14:00 / 16:00-19:30 | Miércoles 09:00-14:00 / 16:00-19:30 | Jueves 09:00-14:00 / 16:00-19:30 | Viernes 09:00-14:00 / 16:00-19:30 | Sábado 09:00-13:30 | Domingo Cerrado;high;Recaseis;official-web;2026-09-21;La web oficial indica que el número actual es 46, antes 28.;verified;6;8;Lunes;11:25;Abierto · cierra 14:00
474;SUMINISTROS DGR;DIEGO GANFORNINA RUIZ-baja;Calle UTRERA, 2, 41730, Las Cabezas De San Juan, Sevilla, España;Las Cabezas De San Juan;41730;Lunes 09:00-14:00 / 16:00-20:00 | Martes 09:00-14:00 / 16:00-20:00 | Miércoles 09:00-14:00 / 16:00-20:00 | Jueves 09:00-14:00 / 16:00-20:00 | Viernes 09:00-14:00 / 16:00-20:00 | Sábado 09:00-13:00 | Domingo Cerrado;medium;Autorecambios DGR Ganfornina;google-business;2026-09-21;"Google publica Av. Dr. Fleming 13; la ficha C. Utrera 2.";associated;;;;;
471;AUTOMOVILES POZOCARS S.L.;AUTOMOVILES POZOCARS S.L.;Avenida DE LEBRIJA, 9, 41749, El Cuervo, Sevilla, España;El Cuervo;41749;Lunes 09:00-14:00 / 16:00-20:30 | Martes 09:00-14:00 / 16:00-20:30 | Miércoles 09:00-14:00 / 16:00-20:30 | Jueves 09:00-14:00 / 16:00-20:30 | Viernes 09:00-14:00 / 16:00-20:30 | Sábado 09:00-14:00 | Domingo Cerrado;high;Automóviles Pozo;google-business;2026-09-21;;verified;14;14;Jueves;18:39;Abierto · cierra 20:30
468;ABEL ATERO CALADO;ABEL ATERO CALADO;Calle PIE SOLO DIEZ, 29, 41500, Alcala De Guadaira, Sevilla, España;Alcala De Guadaira;41500;NO VERIFICADO;unknown;;public-search;2026-09-21;No se ha encontrado un horario público inequívoco para esta ficha. Confirmar antes de visitar.;unknown;;;;;
466;AUTOMOVILES ZAMORA GUTIERREZ S. L.;AUTOMOVILES ZAMORA GUTIERREZ S. L.;Avenida ANDALUCIA, Nº 58, 41657, Los Corrales, Sevilla, España;Los Corrales;41657;NO VERIFICADO;unknown;;public-search;2026-09-21;No se ha encontrado un horario público inequívoco para esta ficha. Confirmar antes de visitar.;unknown;20;2;Viernes;12:16;Horario no verificado · confirmar antes
465;SOLUCIONES PARA EL RECAMBIO DEL AUTOMOVIL SL;SOLUCIONES PARA EL RECAMBIO DEL AUTOMOVIL SL;Avenida DE ANDALUCIA, 12, 41710, Utrera, Sevilla, España;Utrera;41710;Lunes 09:00-13:00 | Martes 09:00-13:00 | Miércoles 09:00-13:00 | Jueves 09:00-13:00 | Viernes 09:00-13:00 | Sábado Cerrado | Domingo Cerrado;medium;Speauto;google-business;2026-09-21;Coincide teléfono y denominación, pero Google publica dirección distinta a la ficha.;associated;5;8;Viernes;12:27;Abierto · cierra 13:00
452;ANTONIO JOSE BERMUDO LOPEZ;ANTONIO JOSE BERMUDO LOPEZ;Calle DOCTOR FLEMING, 33, 41400, Ecija, Sevilla, España;Ecija;41400;Lunes 09:00-14:00 / 17:00-20:00 | Martes 09:00-14:00 / 17:00-20:00 | Miércoles 09:00-14:00 / 17:00-20:00 | Jueves 09:00-14:00 / 17:00-20:00 | Viernes 09:00-14:00 / 17:00-20:00 | Sábado Cerrado | Domingo Cerrado;high;Automóviles Antonio Bermudo;google-business;2026-09-21;;verified;17;10;Martes;17:00;Apertura 17:00 · cierra 20:00
449;AUTOCRISTAL CASTAÑO S.L.U.;AUTOCRISTAL CASTAÑO S.L.U.;Avenida DE ESPAÑA, 146, 41702, Dos Hermanas, Sevilla, España;Dos Hermanas;41702;Lunes 09:00-14:00 / 16:00-19:30 | Martes 09:00-14:00 / 16:00-19:30 | Miércoles 09:00-14:00 / 16:00-19:30 | Jueves 09:00-14:00 / 16:00-19:30 | Viernes 09:00-14:00 / 16:00-19:30 | Sábado Cerrado | Domingo Cerrado;high;Autocristal Castaño S.L.U.;google-business;2026-09-21;La ubicación pública actual difiere de Av. de España 146.;verified;1;4;Lunes;09:01;Abierto · cierra 14:00
444;AUTOREPARACIONES PEÑA E HIJOS,SL;AUTOREPARACIONES PEÑA E HIJOS,SL;Calle OLIVO,47, 41510, Mairena Del Alcor, Sevilla, España;Mairena Del Alcor;41510;Lunes 08:30-14:00 / 16:30-20:00 | Martes 08:30-14:00 / 16:30-20:00 | Miércoles 08:30-14:00 / 16:30-20:00 | Jueves 08:30-14:00 / 16:30-20:00 | Viernes 08:00-14:00 / 16:30-19:00 | Sábado 09:00-13:00 | Domingo Cerrado;high;Autorepuestos y Talleres Peña;google-business;2026-09-21;;verified;12;2;Martes;08:30;Apertura 08:30 · cierra 14:00
441;ANTONIO GARCIA JIMENEZ;ANTONIO GARCIA JIMENEZ;Av. Santa Clara de Cuba, 4, nave 2, 41007, Sevilla, Sevilla, España;Sevilla;41007;Lunes 08:30-19:00 | Martes 08:30-19:00 | Miércoles 08:30-19:00 | Jueves 08:30-19:00 | Viernes 08:30-15:00 | Sábado Cerrado | Domingo Cerrado;high;Talleres Safetycar;official-web;2026-09-21;;verified;6;7;Lunes;10:56;Abierto · cierra 19:00
432;NEVAE RODRIGUEZ GONZALEZ;NEVAE RODRIGUEZ GONZALEZ;PG GANDUL, C/ CARPINTEROS, 39, 41510, Mairena Del Alcor, Sevilla, España;Mairena Del Alcor;41510;NO VERIFICADO;medium;Automóviles Cerezuela;google-business;2026-09-21;Google confirma negocio y dirección, sin horario.;unknown;12;5;Martes;10:10;Horario no verificado · confirmar antes
424;MOTOS SUAREZ-BAJA;JOSE SUAREZ SANCHEZ;Calle HUERTA, Nº 6, 41567, Herrera, Sevilla, España;Herrera;41567;Lunes 08:30-13:30 / 16:30-19:30 | Martes 08:30-13:30 / 16:30-19:30 | Miércoles 08:30-13:30 / 16:30-19:30 | Jueves 08:30-13:30 / 16:30-19:30 | Viernes 08:30-13:30 / 16:30-19:30 | Sábado Cerrado | Domingo Cerrado;medium;Motos Suarez;google-business;2026-09-21;"Google publica C. Huerta 46; fichas nº6.";associated;;;;;
414;"JUAN GAVIÑO LLANO ""TALLER JUAN GAVIÑO""";"JUAN GAVIÑO LLANO ""TALLER JUAN GAVIÑO""";Calle PABLO COSO CALERO, 14, 41930, Bormujos, Sevilla, España;Bormujos;41930;Lunes 07:00-15:00 | Martes 07:00-15:00 | Miércoles 07:00-15:00 | Jueves 07:00-15:00 | Viernes 07:00-15:00 | Sábado Cerrado | Domingo Cerrado;medium;Taller Juan Gaviño;google-business;2026-09-21;"Google publica C. Pablo Coso Calero 114; ficha nº14.";associated;11;1;Lunes;08:00;Abierto · cierra 15:00
408;TALLERES JEDIAN SLL;TALLERES JEDIAN SLL;Calle Cierzo, 9-11-13, P.I. Ciudad Blanca, 41702, Dos Hermanas, Sevilla, España;Dos Hermanas;41702;Lunes 07:00-18:00 | Martes 07:00-18:00 | Miércoles 07:00-18:00 | Jueves 07:00-18:00 | Viernes 07:00-18:00 | Sábado Cerrado | Domingo Cerrado;high;Talleres Jedian;google-business;2026-09-21;;verified;1;2;Lunes;08:03;Abierto · cierra 18:00
406;JOSE MARÍA MORALES PEREZ;JOSE MARÍA MORALES PEREZ;Calle CRISTOBAL COLON, 1, 41800, Sanlucar La Mayor, Sevilla, España;Sanlucar La Mayor;41800;Lunes 09:00-14:00 / 17:00-19:00 | Martes 09:00-14:00 / 17:00-19:00 | Miércoles 09:00-14:00 / 17:00-19:00 | Jueves 09:00-14:00 / 17:00-19:00 | Viernes 09:00-14:00 | Sábado 09:00-14:00 | Domingo Cerrado;medium;Repuestos Morales;google-business;2026-09-21;"Coincide teléfono; Google publica C. Cristóbal Colón 0 y la ficha nº1.";associated;11;13;Lunes;17:00;Apertura 17:00 · cierra 19:00
381;CARROCERIAS CITY Sl;CARROCERIAS CITY Sl;POL. IND. LA RED,Calle de la Red Diecisiete, 30, 41500, Alcala De Guadaira, Sevilla, España;Alcala De Guadaira;41500;Lunes 07:00-15:00 | Martes 07:00-15:00 | Miércoles 07:00-15:00 | Jueves 07:00-15:00 | Viernes 07:00-15:00 | Sábado 07:00-12:00 | Domingo Cerrado;medium;Carrocerías City;google-maps;2026-09-21;Google Maps publica una dirección distinta a la ficha original.;associated;4;13;Jueves;13:33;Abierto · cierra 15:00
379;RAFAEL VEGA MORENO;RAFAEL VEGA MORENO;Calle CRUZ DE LA CAVA, 17, 41600, Arahal, Sevilla, España;Arahal;41600;Lunes 08:00-14:00 / 15:00-20:30 | Martes 08:00-14:00 / 15:00-20:30 | Miércoles 08:00-14:00 / 15:00-20:30 | Jueves 08:00-14:00 / 15:00-20:30 | Viernes 08:00-14:00 / 15:00-20:30 | Sábado 08:00-14:00 | Domingo Cerrado;high;Repuestos Vega;google-business;2026-09-21;"La ficha 379 figura nº17; el negocio publicado está en nº22.";verified;12;10;Martes;13:10;Abierto · cierra 14:00
378;SEGURA ORIHUELA SL- baja;SEGURA ORIHUELA SL;Calle CARPINTERIA, 22 - POL. INSDUSTRIAL EL CERRO, 41210, Guillena, Sevilla, España;Guillena;41210;Lunes 08:00-14:00 / 16:30-19:30 | Martes 08:00-14:00 / 16:30-19:30 | Miércoles 08:00-14:00 / 16:30-19:30 | Jueves 08:00-14:00 / 16:30-19:30 | Viernes 08:00-14:00 / 16:30-19:30 | Sábado Cerrado | Domingo Cerrado;high;Tayse Rueda;google-business;2026-09-21;;verified;;;;;
376;AUTOMOVILES MARSYOL;ISRAEL TORRES BEJARANO;Avenida ILDEFONSO MARAÑON LAVIN, 6, 41019, Sevilla, Sevilla, España;Sevilla;41019;NO VERIFICADO;unknown;;public-search;2026-09-21;No se ha encontrado un horario público inequívoco para esta ficha. Confirmar antes de visitar.;unknown;8;5;Miércoles;10:29;Horario no verificado · confirmar antes
375;CRISTOBAL CARLOS GÁMEZ GARRIDO (A.R.MONTEQUINTO);CRISTOBAL CARLOS GÁMEZ GARRIDO (A.R.MONTEQUINTO);Avenida DE MONTEQUINTO S/N, LOCAL 2, 41089, Dos Hermanas, Sevilla, España;Dos Hermanas;41089;Lunes 09:00-14:00 / 16:30-20:00 | Martes 09:00-14:00 / 16:30-20:00 | Miércoles 09:00-14:00 / 16:30-20:00 | Jueves 09:00-14:00 / 16:30-20:00 | Viernes 09:00-14:00 / 16:30-20:00 | Sábado Cerrado | Domingo Cerrado;high;Autorepuestos Montequinto;google-business;2026-09-21;;verified;2;11;Martes;13:00;Abierto · cierra 14:00
374;APOLO MOTOR 038000444;ANTONIO GARCIA GARCIA;Calle FANDANGO, 1, 41420, Fuentes De Andalucia, Sevilla, España;Fuentes De Andalucia;41420;Lunes 07:00-15:00 / 17:00-20:00 | Martes 07:00-15:00 / 17:00-20:00 | Miércoles 07:00-15:00 / 17:00-20:00 | Jueves 07:00-15:00 / 17:00-20:00 | Viernes 07:00-15:00 | Sábado Cerrado | Domingo Cerrado;medium;Apolo Motor;google-business;2026-09-21;"Google publica C. Fandango 3; ficha nº1.";associated;17;7;Martes;13:47;Abierto · cierra 15:00
373;JOSE ANTONIO MENDEZ LOBATO;JOSE ANTONIO MENDEZ LOBATO;Calle VENERO, 15, 41450, Constantina, Sevilla, España;Constantina;41450;NO VERIFICADO;unknown;;public-search;2026-09-21;No se ha encontrado un horario público inequívoco para esta ficha. Confirmar antes de visitar.;unknown;20;1;Viernes;10:00;Horario no verificado · confirmar antes
372;AUTOS SANCHEZ MARTINEZ SL;AUTOS SANCHEZ MARTINEZ SL;Calle DEL RIO, 1, 41120, Gelves, Sevilla, España;Gelves;41120;NO VERIFICADO;unknown;;public-search;2026-09-21;No se ha encontrado un horario público inequívoco para esta ficha. Confirmar antes de visitar.;unknown;7;7;Martes;11:02;Horario no verificado · confirmar antes
368;JAFERAUTO AUTOMOCION, SL;JAFERAUTO AUTOMOCION, SL;Calle TERMODINAMICA, 19, 41015, Sevilla, Sevilla, España;Sevilla;41015;Lunes 07:00-15:00 | Martes 07:00-15:00 | Miércoles 07:00-15:00 | Jueves 07:00-15:00 | Viernes 07:00-15:00 | Sábado Cerrado | Domingo Cerrado;high;Jaferauto;google-maps;2026-09-21;;verified;10;12;Viernes;14:28;Abierto · cierra 15:00
367;NOYMAR CREDIT SL;NOYMAR CREDIT SL;Calle ALMERIA, 21, 41120, Gelves, Sevilla, España;Gelves;41120;Lunes 09:30-14:00 / 18:00-21:00 | Martes 09:30-14:00 / 18:00-21:00 | Miércoles 09:30-14:00 / 18:00-21:00 | Jueves 09:30-14:00 / 18:00-21:00 | Viernes 09:30-14:00 / 18:00-21:00 | Sábado 10:30-13:30 | Domingo Cerrado;medium;Noymar Ocasión;google-business;2026-09-21;"Teléfono público difiere de ficha; nombre/dirección coinciden.";associated;7;6;Martes;10:33;Abierto · cierra 14:00
366;GLAS WELD SEVILLA S.L;GLAS WELD SEVILLA S.L;Calle METALURGIA, 63 P. I. CALONGE, 41007, Sevilla, Sevilla, España;Sevilla;41007;NO VERIFICADO;unknown;;public-search;2026-09-21;No se ha encontrado un horario público inequívoco para esta ficha. Confirmar antes de visitar.;unknown;11;6;Lunes;11:02;Horario no verificado · confirmar antes
363;TALLERES Y GRUAS CORDERO, SL;TALLERES Y GRUAS CORDERO, SL;Avenida JEREZ,81, 41749, El Cuervo, Sevilla, España;El Cuervo;41749;Lunes 09:00-14:00 / 16:00-20:00 | Martes 09:00-14:00 / 16:00-20:00 | Miércoles 09:00-14:00 / 16:00-20:00 | Jueves 09:00-14:00 / 16:00-20:00 | Viernes 09:00-14:00 / 16:00-20:00 | Sábado 09:00-14:00 | Domingo Cerrado;high;Talleres y Grúas Cordero;google-business;2026-09-21;;verified;14;13;Jueves;18:10;Abierto · cierra 20:00
362;FRANCISCO BERNAL MACIAS;FRANCISCO BERNAL MACIAS;Calle REAL 171, 41950, Castilleja De La Cuesta, Sevilla, España;Castilleja De La Cuesta;41950;NO VERIFICADO;unknown;;public-search;2026-09-21;No se ha encontrado un horario público inequívoco para esta ficha. Confirmar antes de visitar.;unknown;13;5;Miércoles;12:14;Horario no verificado · confirmar antes
361;SANCHEZ BARRANCO AUTOS SL;SANCHEZ BARRANCO AUTOS SL;Calle RONDA DE LA MINA, 8, 41740, Lebrija, Sevilla, España;Lebrija;41740;Lunes 09:00-14:00 / 16:00-20:00 | Martes 09:00-14:00 / 16:00-20:00 | Miércoles 09:00-14:00 / 16:00-20:00 | Jueves 09:00-14:00 / 16:00-20:00 | Viernes 09:00-14:00 / 16:00-20:00 | Sábado Cerrado | Domingo Cerrado;medium;Sanchez Barranco Auto;google-business;2026-09-21;Google publica nº 10, la ficha nº 8.;associated;14;12;Jueves;17:27;Abierto · cierra 20:00
358;TALLERES M ALONSO SL;TALLERES M ALONSO SL;Calle VILLAMANRIQUE KM 1, 41840, Pilas, Sevilla, España;Pilas;41840;Lunes 09:00-14:00 / 16:00-19:30 | Martes 09:00-14:00 / 16:00-19:30 | Miércoles 09:00-14:00 / 16:00-19:30 | Jueves 09:00-14:00 / 16:00-19:30 | Viernes 09:00-14:00 / 16:00-19:30 | Sábado Cerrado | Domingo Cerrado;high;Talleres M Alonso;google-business;2026-09-21;;verified;13;10;Miércoles;16:00;Apertura 16:00 · cierra 19:30
356;NEUMATICOS ZAFOR SL;NEUMATICOS ZAFOR SL;Avenida GUADALQUIVIR 111, 41320, Cantillana, Sevilla, España;Cantillana;41320;Lunes 07:00-15:00 / 17:00-20:00 | Martes 07:00-15:00 / 17:00-20:00 | Miércoles 07:00-15:00 / 17:00-20:00 | Jueves 07:00-15:00 / 17:00-20:00 | Viernes 07:00-15:00 | Sábado Cerrado | Domingo Cerrado;medium;Bosch Car Service ZAFOR;google-business;2026-09-21;"Google publica Av. Guadalquivir 85; ficha 111.";associated;16;7;Lunes;14:16;Abierto · cierra 15:00
337;JOSE VALVERDE MEDRANO(REPUESTOS PEPE);JOSE VALVERDE MEDRANO(REPUESTOS PEPE);Calle SEVERO OCHOA, 61 (LOCAL), 41300, San Jose De La Rinconada, Sevilla, España;San Jose De La Rinconada;41300;Lunes 08:30-14:00 / 16:00-20:30 | Martes 08:30-14:00 / 16:00-20:30 | Miércoles 08:30-14:00 / 16:00-20:30 | Jueves 08:30-14:00 / 16:00-20:30 | Viernes 08:30-14:00 / 16:00-20:30 | Sábado 08:30-14:00 | Domingo Cerrado;medium;Repuestos Pepe;google-business;2026-09-21;Teléfono público difiere del fichero.;associated;10;13;Viernes;16:00;Apertura 16:00 · cierra 20:30
324;FRANCISCO JOSE RODRIGUEZ JIMENEZ;FRANCISCO JOSE RODRIGUEZ JIMENEZ;Calle URBANO X, 11 (VILLA ROSA), 41410, Carmona, Sevilla, España;Carmona;41410;NO VERIFICADO;unknown;;public-search;2026-09-21;No se ha encontrado un horario público inequívoco para esta ficha. Confirmar antes de visitar.;unknown;17;2;Martes;10:00;Horario no verificado · confirmar antes
310;REPUESTOS YUNKE, SL;REPUESTOS YUNKE, SL;CTRA.SAN JUAN-PALOMARES, 4, 41927, Mairena Del Aljarafe, Sevilla, España;Mairena Del Aljarafe;41927;Lunes 08:30-14:00 / 16:30-20:00 | Martes 08:30-14:00 / 16:30-20:00 | Miércoles 08:30-14:00 / 16:30-20:00 | Jueves 08:30-14:00 / 16:30-20:00 | Viernes 08:30-14:00 / 16:30-20:00 | Sábado 09:00-13:30 | Domingo Cerrado;high;Repuestos Yunke;google-business;2026-09-21;;verified;7;3;Martes;08:58;Abierto · cierra 14:00
308;RECAMBIOS OSUNA, SL;RECAMBIOS OSUNA, SL;Calle ARAHAL, 18, 41530, Moron De La Frontera, Sevilla, España;Moron De La Frontera;41530;Lunes 09:00-14:00 / 16:00-20:00 | Martes 09:00-14:00 / 16:00-20:00 | Miércoles 09:00-14:00 / 16:00-20:00 | Jueves 09:00-14:00 / 16:00-20:00 | Viernes 09:00-14:00 / 16:00-20:00 | Sábado 09:00-13:00 | Domingo Cerrado;high;Recambios Osuna;google-business;2026-09-21;;verified;12;15;Martes;18:46;Abierto · cierra 20:00
307;TALLERES BUIZA, SL;TALLERES BUIZA, SL;Camineros, 30 P.I.Los Emprendedores, 41429, La Campana, Sevilla, España;La Campana;41429;Lunes 07:00-15:00 | Martes 07:00-15:00 / 17:00-19:00 | Miércoles 07:00-15:00 | Jueves 07:00-15:00 / 17:00-19:00 | Viernes 07:00-15:00 | Sábado Cerrado | Domingo Cerrado;high;Talleres Hnos. Buiza;google-business;2026-09-21;;verified;17;5;Martes;12:35;Abierto · cierra 15:00
304;RECAMARISMAS, SL;RECAMARISMAS, SL;P.I.EL MURO C/CIENCIA, 4, 41720, Los Palacios Y Villafranca, Sevilla, España;Los Palacios Y Villafranca;41720;Lunes 07:00-14:00 / 16:00-19:30 | Martes 07:00-14:00 / 16:00-19:30 | Miércoles 07:00-14:00 / 16:00-19:30 | Jueves 07:00-14:00 / 16:00-19:30 | Viernes 07:00-15:00 | Sábado Cerrado | Domingo Cerrado;high;Recamarismas;google-business;2026-09-21;;verified;5;3;Viernes;09:45;Abierto · cierra 15:00
296;ANTONIO ALONSO BECERRIL, SL;ANTONIO ALONSO BECERRIL, SL;Avenida DEL ALJARAFE, 12-14, 41840, Pilas, Sevilla, España;Pilas;41840;Lunes 06:45-15:00 | Martes 06:45-15:00 | Miércoles 06:45-15:00 | Jueves 06:45-15:00 | Viernes 06:45-14:00 | Sábado Cerrado | Domingo Cerrado;high;Antonio Alonso Becerril;google-business;2026-09-21;;verified;13;8;Miércoles;14:20;Abierto · cierra 15:00
291;MCP ALVAREZ JAEN, SL;MCP ALVAREZ JAEN, SL;Calle QUIMICA, 11, 41015, Sevilla, Sevilla, España;Sevilla;41015;Lunes 08:00-17:00 | Martes 08:00-17:00 | Miércoles 08:00-17:00 | Jueves 08:00-17:00 | Viernes 08:00-15:00 | Sábado Cerrado | Domingo Cerrado;high;Talleres Álvarez Mecánica, Chapa y Pintura;google-maps;2026-09-21;;verified;9;14;Jueves;15:02;Abierto · cierra 17:00
278;DAVID PEINADO CALZADO;DAVID PEINADO CALZADO;Calle 19 DE ABRIL, NAVE 26A, 41701, Dos Hermanas, Sevilla, España;Dos Hermanas;41701;NO VERIFICADO;unknown;;public-search;2026-09-21;No se ha encontrado un horario público inequívoco para esta ficha. Confirmar antes de visitar.;unknown;2;5;Martes;10:00;Horario no verificado · confirmar antes
277;JUAN ANTONIO SANCHEZ PORTILLO;JUAN ANTONIO SANCHEZ PORTILLO;Calle DOCTOR JULIO SAN JOSE S/N, 41700, Dos Hermanas, Sevilla, España;Dos Hermanas;41700;NO VERIFICADO;unknown;;public-search;2026-09-21;No se ha encontrado un horario público inequívoco para esta ficha. Confirmar antes de visitar.;unknown;;;;;
271;COCHESUR AUTOMOCION, SL;COCHESUR AUTOMOCION, SL;P.I.PISA, C/CONGRESO, 40, 41927, Mairena Del Aljarafe, Sevilla, España;Mairena Del Aljarafe;41927;Lunes 09:30-13:30 / 17:00-20:30 | Martes 09:30-13:30 / 17:00-20:30 | Miércoles 09:30-13:30 / 17:00-20:30 | Jueves 09:30-13:30 / 17:00-20:30 | Viernes 09:30-13:30 / 17:00-20:30 | Sábado 10:30-13:30 | Domingo Cerrado;high;Cochesur Mairena del Aljarafe;google-business;2026-09-21;;verified;;;;;
266;FRANCISCO JOSE RAMOS SANCHEZ;FRANCISCO JOSE RAMOS SANCHEZ;Calle CASTILLO DE CORTEGANA, 8, 41500, Alcala De Guadaira, Sevilla, España;Alcala De Guadaira;41500;NO VERIFICADO;unknown;;public-search;2026-09-21;No se ha encontrado un horario público inequívoco para esta ficha. Confirmar antes de visitar.;unknown;;;;;
257;FRANCISCO E. ALVAREZ MUÑIZ (T SANTA GENOVEVA);FRANCISCO E. ALVAREZ MUÑIZ (T SANTA GENOVEVA);Avenida DE LA PRENSA, 26 B (PICA), 41007, Sevilla, Sevilla, España;Sevilla;41007;Lunes 07:30-14:30 | Martes 07:30-14:30 | Miércoles 07:30-14:30 | Jueves 07:30-14:30 | Viernes 07:30-14:30 | Sábado Cerrado | Domingo Cerrado;medium;Talleres Santa Genoveva;google-maps;2026-09-21;"La ficha indica Av. Prensa 26B; la ubicación pública actual aparece en 38B.";associated;;;;;
256;baja dgt;MOTORJET SERVICIOS INTEGRALES,SL;P.I. Su Eminencia, C. A, 1, 41006, Sevilla, Sevilla, España;Sevilla;41006;Lunes 07:00-15:30 | Martes 07:00-15:30 | Miércoles 07:00-15:30 | Jueves 07:00-15:30 | Viernes 07:00-15:30 | Sábado Cerrado | Domingo Cerrado;high;Motorjet;google-business;2026-09-21;El número de nave público actual difiere del histórico de la ficha.;verified;;;;;
253;UTRECHAPA, S.L.;UTRECHAPA, S.L.;P.I.EL LIMONAR C/TECNOLOGIA, 1, 41710, Utrera, Sevilla, España;Utrera;41710;Lunes 07:00-15:00 | Martes 07:00-15:00 | Miércoles 07:00-15:00 | Jueves 07:00-15:00 | Viernes 06:00-14:00 | Sábado Cerrado | Domingo Cerrado;high;Utrechapa;google-business;2026-09-21;;verified;5;9;Viernes;12:56;Abierto · cierra 14:00
252;POSIBLE BAJA;TALLERES ALARCON;Calle BAILEN, 28, 41500, Alcala De Guadaira, Sevilla, España;Alcala De Guadaira;41500;NO VERIFICADO;unknown;;public-search;2026-09-21;No se ha encontrado un horario público inequívoco para esta ficha. Confirmar antes de visitar.;unknown;;;;;
251;AUTO-TORREBLANCA,SL;AUTO-TORREBLANCA,SL;P.I.BANSUR, NAVE 18, 41500, Alcala De Guadaira, Sevilla, España;Alcala De Guadaira;41500;NO VERIFICADO;unknown;;public-search;2026-09-21;No se ha encontrado un horario público inequívoco para esta ficha. Confirmar antes de visitar.;unknown;12;9;Martes;12:18;Horario no verificado · confirmar antes
250;TALLERES MORAUTO CHAPA Y PINTURA, SL;TALLERES MORAUTO CHAPA Y PINTURA, SL;C. Monzón, 6, 41702, Dos Hermanas, Sevilla, España;Dos Hermanas;41702;Lunes 07:00-15:00 | Martes 07:00-15:00 | Miércoles 07:00-15:00 | Jueves 07:00-15:00 | Viernes 07:00-15:00 | Sábado Cerrado | Domingo Cerrado;high;Talleres Morauto;google-business;2026-09-21;El taller aparece actualmente en C. Monzón 6, distinto de la dirección antigua C. Zamora 37.;verified;1;1;Lunes;07:34;Abierto · cierra 15:00
249;COREALBA AUTOMOCION, SL;COREALBA AUTOMOCION, SL;Calle EXPOSICION, 12 (PISA), 41927, Mairena Del Aljarafe, Sevilla, España;Mairena Del Aljarafe;41927;Lunes 08:00-14:00 / 16:00-18:00 | Martes 08:00-14:00 / 16:00-18:00 | Miércoles 08:00-14:00 / 16:00-18:00 | Jueves 08:00-14:00 / 16:00-18:00 | Viernes 08:00-14:00 / 16:00-18:00 | Sábado Cerrado | Domingo Cerrado;high;Talleres Alba / Motralba;google-business;2026-09-21;"Las fichas comparten teléfono/dirección; se aplica el horario del centro publicado.";verified;;;;;
245;JOSE ANTONIO BRAVO RODRIGUEZ;JOSE ANTONIO BRAVO RODRIGUEZ;Calle JOAQUIN TURINA, 2, 41310, Brenes, Sevilla, España;Brenes;41310;Lunes 09:00-14:00 / 17:00-21:00 | Martes 09:00-14:00 / 17:00-21:00 | Miércoles 09:00-14:00 / 17:00-21:00 | Jueves 09:00-14:00 / 17:00-21:00 | Viernes 09:00-14:00 / 17:00-21:00 | Sábado 09:30-13:00 | Domingo Cerrado;high;Auto Repuestos Bravo;google-business;2026-09-21;;verified;14;15;Jueves;20:33;Abierto · cierra 21:00
242;PUMARCA, CARROCERIA Y PIEDRA, SL;PUMARCA, CARROCERIA Y PIEDRA, SL;P.I.SAN NICOLAS C/8 NAVE 26, 41500, Alcala De Guadaira, Sevilla, España;Alcala De Guadaira;41500;Lunes 08:30-13:30 / 15:30-18:00 | Martes 08:30-13:30 / 15:30-18:00 | Miércoles 08:30-13:30 / 15:30-18:00 | Jueves 08:30-13:30 / 15:30-18:00 | Viernes 08:00-14:00 | Sábado Cerrado | Domingo Cerrado;high;PUMARCA;google-maps;2026-09-21;;verified;4;7;Jueves;10:39;Abierto · cierra 13:30
239;AGROIMPORTACION LEON PAVON,SL;AGROIMPORTACION LEON PAVON,SL;Avenida DEL COMERCIO, 15 P.I.POLIVISO, 41520, El Viso Del Alcor, Sevilla, España;El Viso Del Alcor;41520;Lunes 08:30-14:00 / 15:30-19:00 | Martes 08:30-14:00 / 15:30-19:00 | Miércoles 08:30-14:00 / 15:30-19:00 | Jueves 08:30-14:00 / 15:30-19:00 | Viernes 08:30-14:00 | Sábado Cerrado | Domingo Cerrado;high;Agroimportación León Pavón;google-business;2026-09-21;;verified;12;4;Martes;09:35;Abierto · cierra 14:00
237;TALLERES VERDUGO E HIJOS, SL;TALLERES VERDUGO E HIJOS, SL;P.I.LAS ESTRELLA,H8, 41100, Coria Del Rio, Sevilla, España;Coria Del Rio;41100;Lunes 07:00-15:00 | Martes 07:00-15:00 | Miércoles 07:00-15:00 | Jueves 07:00-15:00 | Viernes 07:00-15:00 | Sábado Cerrado | Domingo Cerrado;medium;Talleres Verdugo e Hijos;google-business;2026-09-21;"Ficha indica H8; negocio público indica Carpintero 8.";associated;5;1;Viernes;07:46;Abierto · cierra 15:00
231;RECAMBIOS PARIS, SL;RECAMBIOS PARIS, SL;P.I.LAS NORIETAS, C/SIERRA DE GATA, 41704, Dos Hermanas, Sevilla, España;Dos Hermanas;41704;NO VERIFICADO;medium;Recambios Paris Automóvil s.l.;google-business;2026-09-21;Google Business confirmó el negocio y teléfono, pero no devolvió horario.;unknown;2;9;Martes;11:58;Horario no verificado · confirmar antes
228;(AUTORECAMBIOS SEVILLA);MARTIN RUIZ AUTOMOCION, SC;Calle Managua, 27, 41701, Dos Hermanas, Sevilla, España;Dos Hermanas;41701;Lunes 08:00-14:00 / 16:00-20:00 | Martes 08:00-14:00 / 16:00-20:00 | Miércoles 08:00-14:00 / 16:00-20:00 | Jueves 08:00-14:00 / 16:00-20:00 | Viernes 08:00-14:00 / 16:00-19:00 | Sábado Cerrado | Domingo Cerrado;high;Autorecambios Sevilla;official-web;2026-09-21;;verified;1;12;Lunes;12:56;Abierto · cierra 14:00
225;AUTOMOVILES GABRY MOTOR ,SL;AUTOMOVILES GABRY MOTOR ,SL;P.I.LAS DOBLAS C/MINEROS, 10, 41800, Sanlucar La Mayor, Sevilla, España;Sanlucar La Mayor;41800;Lunes 08:00-14:00 / 16:00-18:00 | Martes 08:00-14:00 / 16:00-18:00 | Miércoles 08:00-14:00 / 16:00-18:00 | Jueves 08:00-14:00 / 16:00-18:00 | Viernes 08:00-14:00 / 16:00-18:00 | Sábado Cerrado | Domingo Cerrado;high;Gabry Motor;google-business;2026-09-21;;verified;11;12;Lunes;16:00;Apertura 16:00 · cierra 18:00
214;TALLERES PEREZ HALCON,SL;TALLERES PEREZ HALCON,SL;Calle GIRASOL, 1, 41740, Lebrija, Sevilla, España;Lebrija;41740;Lunes 07:00-14:30 / 16:00-19:00 | Martes 07:00-14:30 / 16:00-19:00 | Miércoles 07:00-14:30 / 16:00-19:00 | Jueves 07:00-14:30 / 16:00-19:00 | Viernes 07:00-14:30 / 16:00-19:00 | Sábado Cerrado | Domingo Cerrado;medium;Grupo Pérez Halcón;google-business;2026-09-21;"Google publica C. Sorgo 2; la ficha C. Girasol 1.";associated;14;7;Jueves;13:54;Abierto · cierra 14:30
211;JOSE LUIS LEAL ARRIAZAL (NEUMATICOS LEAL);JOSE LUIS LEAL ARRIAZAL (NEUMATICOS LEAL);Avenida JOSE ANTONIO GALLEGO, 58, 41749, El Cuervo, Sevilla, España;El Cuervo;41749;Lunes 09:00-14:00 | Martes 09:00-14:00 | Miércoles 09:00-14:00 | Jueves 09:00-14:00 | Viernes 09:00-14:00 | Sábado Cerrado | Domingo Cerrado;high;Talleres y Neumáticos Leal;google-business;2026-09-21;;verified;;;;;
208;(AUTOMOVILES MALAVER);JOSE MANUEL MALAVER CASTILLO;Calle HUERTA DEL ROSAL, 5, 41015, Sevilla, Sevilla, España;Sevilla;41015;Lunes 09:00-13:45 / 17:00-20:45 | Martes 09:00-13:45 / 17:00-20:45 | Miércoles 09:00-13:45 / 17:00-20:45 | Jueves 09:00-13:45 / 17:00-20:45 | Viernes 08:00-14:00 | Sábado Cerrado | Domingo Cerrado;high;Automóviles Malaver;google-maps;2026-09-21;;verified;10;10;Viernes;13:30;Abierto · cierra 14:00
190;SAN PABLO MOTOR ,SL;SAN PABLO MOTOR ,SL;Avenida KANSAS CITY S/N ESQUINA DE CARMONA, 41007, Sevilla, Sevilla, España;Sevilla;41007;Lunes 08:00-18:00 | Martes 08:00-18:00 | Miércoles 08:00-18:00 | Jueves 08:00-18:00 | Viernes 08:00-18:00 | Sábado Cerrado | Domingo Cerrado;medium;San Pablo Motor · Posventa;official-web;2026-09-21;La dirección pública actual de posventa difiere de la ficha histórica.;associated;;;;;
188;038000220-BAJA;BAHIA MOVIL,SL  BAJA;CTRA SU EMINENCIA, 26, 41006, Sevilla, Sevilla, España;Sevilla;41006;Lunes 07:00-18:00 | Martes 07:00-18:00 | Miércoles 07:00-18:00 | Jueves 07:00-18:00 | Viernes 07:00-18:00 | Sábado 09:00-13:00 | Domingo Cerrado;medium;Automares Su Eminencia;official-web;2026-09-21;"Mismo centro histórico Su Eminencia 26; horario del grupo/centro asociado. Confirmar el departamento exacto.";associated;;;;;
187;VANAUTO AUTOMOCION, SL;VANAUTO AUTOMOCION, SL;CTRA. SU EMINENCIA, 26, 41006, Sevilla, Sevilla, España;Sevilla;41006;Lunes 07:00-18:00 | Martes 07:00-18:00 | Miércoles 07:00-18:00 | Jueves 07:00-18:00 | Viernes 07:00-18:00 | Sábado 09:00-13:00 | Domingo Cerrado;medium;Automares Su Eminencia;official-web;2026-09-21;"Mismo centro histórico Su Eminencia 26; horario del grupo/centro asociado. Confirmar el departamento exacto.";associated;;;;;
181;ANTONIO SANCHEZ SUAREZ;ANTONIO SANCHEZ SUAREZ;san bernardo, 17, 41702, Dos Hermanas, Sevilla, España;Dos Hermanas;41702;NO VERIFICADO;unknown;;public-search;2026-09-21;No se ha encontrado un horario público inequívoco para esta ficha. Confirmar antes de visitar.;unknown;1;10;Lunes;11:55;Horario no verificado · confirmar antes
180;CLEMENTE PARTS,SL;CLEMENTE PARTS,SL;CTRA.NACIONAL IV KM.554.7, 41700, Dos Hermanas, Sevilla, España;Dos Hermanas;41700;Lunes 08:30-14:00 / 16:30-20:30 | Martes 08:30-14:00 / 16:30-20:30 | Miércoles 08:30-14:00 / 16:30-20:30 | Jueves 08:30-14:00 / 16:30-20:30 | Viernes 08:30-14:00 / 16:30-20:30 | Sábado 10:00-13:00 | Domingo Cerrado;high;Repuestos Clemente;google-business;2026-09-21;;verified;1;11;Lunes;12:27;Abierto · cierra 14:00
179;TEPUY CARS, SL  (cerrado);TEPUY CARS, SL  (cerrado);Avenida MAIRENA, 13 BAJO C, 41920, Mairena Del Aljarafe, Sevilla, España;Mairena Del Aljarafe;41920;NO VERIFICADO;unknown;;public-search;2026-09-21;No se ha encontrado un horario público inequívoco para esta ficha. Confirmar antes de visitar.;unknown;;;;;
171;SEVILLA;ANDEL AUTOMOCION, SA;Calle LAGUNA LARGA OCHO,6, 41500, Alcala De Guadaira, Sevilla, España;Alcala De Guadaira;41500;Lunes 08:00-14:00 / 16:00-20:00 | Martes 08:00-14:00 / 16:00-20:00 | Miércoles 08:00-14:00 / 16:00-20:00 | Jueves 08:00-14:00 / 16:00-20:00 | Viernes 08:00-14:00 / 16:00-20:00 | Sábado Cerrado | Domingo Cerrado;high;Andel Automoción;google-maps;2026-09-21;;verified;4;6;Jueves;10:10;Abierto · cierra 14:00
167;REPUESTOS ABELA;JORGE ABELA RAMIREZ;Calle OSCAR ARIAS LOCAL 6-8, 41702, Dos Hermanas, Sevilla, España;Dos Hermanas;41702;NO VERIFICADO;unknown;;public-search;2026-09-21;No se ha encontrado un horario público inequívoco para esta ficha. Confirmar antes de visitar.;unknown;1;9;Lunes;11:26;Horario no verificado · confirmar antes
165;TALLERES AUTO SEVILLA LA RED, SL;TALLERES AUTO SEVILLA LA RED, SL;P.I.LA RED C/DOCE NAVE 28, 41500, Alcala De Guadaira, Sevilla, España;Alcala De Guadaira;41500;Lunes 05:30-15:00 | Martes 05:30-15:00 | Miércoles 05:30-15:00 | Jueves 05:30-15:00 | Viernes 05:30-14:00 | Sábado Cerrado | Domingo Cerrado;high;Taller Autosevilla;google-maps;2026-09-21;;verified;4;1;Jueves;07:45;Abierto · cierra 15:00
164;NEBRIAUTO, SL (RENAULT);NEBRIAUTO, SL (RENAULT);Avenida JUAN PEÑA, 24, 41740, Lebrija, Sevilla, España;Lebrija;41740;Lunes 09:00-14:00 / 16:00-20:00 | Martes 09:00-14:00 / 16:00-20:00 | Miércoles 09:00-14:00 / 16:00-20:00 | Jueves 09:00-14:00 / 16:00-20:00 | Viernes 09:00-14:00 / 16:00-20:00 | Sábado 10:00-13:30 | Domingo Cerrado;high;Nebriauto Renault-Dacia;google-business;2026-09-21;;verified;13;15;Miércoles;19:17;Abierto · cierra 20:00
163;LEBRIMOVIL, S.A (OPEL);LEBRIMOVIL, S.A (OPEL);Avenida JOSE M.TOMASSETTI,1, 41740, Lebrija, Sevilla, España;Lebrija;41740;Lunes 09:00-20:30 | Martes 09:00-20:30 | Miércoles 09:00-20:30 | Jueves 09:00-20:30 | Viernes 09:00-20:30 | Sábado 09:00-14:00 | Domingo Cerrado;high;Opel Lebrimovil;google-business;2026-09-21;;verified;14;8;Jueves;14:23;Abierto · cierra 20:30
154;MARIN ELECTRICIDAD-T200;CESAR MARIN MONTANO;P.I.CALONGE, C/METALURGIA, 51, 41007, Sevilla, Sevilla, España;Sevilla;41007;Lunes 08:00-14:00 / 16:00-19:30 | Martes 08:00-14:00 / 16:00-19:30 | Miércoles 08:00-14:00 / 16:00-19:30 | Jueves 08:00-14:00 / 16:00-19:30 | Viernes 08:00-14:00 / 16:00-19:30 | Sábado Cerrado | Domingo Cerrado;high;Recambios Marín / Marin AutoParts;google-maps;2026-09-21;;verified;6;6;Lunes;10:27;Abierto · cierra 14:00
153;REPUESTOS EUGENIO PENCO,SC;REPUESTOS EUGENIO PENCO,SC;Avenida HYTASA, 2, 41006, Sevilla, Sevilla, España;Sevilla;41006;Lunes 09:00-14:00 / 16:00-20:00 | Martes 09:00-14:00 / 16:00-20:00 | Miércoles 09:00-14:00 / 16:00-20:00 | Jueves 09:00-14:00 / 16:00-20:00 | Viernes 09:00-14:00 / 16:00-19:30 | Sábado 09:00-13:00 | Domingo Cerrado;high;Repuestos del Automóvil Eugenio Penco;google-maps;2026-09-21;;verified;10;1;Viernes;09:00;Apertura 09:00 · cierra 14:00
151;FERRETERIA ALFARO BLANCO, SL;FERRETERIA ALFARO BLANCO, SL;Calle SANTA ANA, 56, 41560, Estepa, Sevilla, España;Estepa;41560;Lunes 09:00-13:30 / 16:30-20:00 | Martes 09:00-13:30 / 16:30-20:00 | Miércoles 09:00-13:30 / 16:30-20:00 | Jueves 09:00-13:30 / 16:30-20:00 | Viernes 09:00-13:30 / 16:30-20:00 | Sábado Cerrado | Domingo Cerrado;medium;Ferretería Alfaro;google-business;2026-09-21;"Google publica C. Anisados 23; ficha C. Santa Ana 56.";associated;17;12;Martes;18:31;Abierto · cierra 20:00
150;JAIME GONZALEZ ROMERO (MULT. LEBRIJA);JAIME GONZALEZ ROMERO (MULT. LEBRIJA);HNOS PINZON, 17 1º-D, 41740, Lebrija, Sevilla, España;Lebrija;41740;Lunes 08:00-14:00 / 16:00-18:00 | Martes 08:00-14:00 / 16:00-18:00 | Miércoles 08:00-14:00 / 16:00-18:00 | Jueves 08:00-14:00 / 16:00-18:00 | Viernes 08:00-14:00 / 16:00-18:00 | Sábado Cerrado | Domingo Cerrado;medium;Multirecambios Lebrija;google-business;2026-09-21;La ficha 150 parece corresponder al mismo negocio por contacto/teléfono, pero dirección fiscal diferente.;associated;14;10;Jueves;16:29;Abierto · cierra 18:00
149;SUMIREC UMBRETE;SUMIREC AUTOMOCION Y AGRICOLA, SL;Calle PIO X, Nº 70, 41804, Olivares, Sevilla, España;Olivares;41804;Lunes 08:00-14:00 / 16:30-19:30 | Martes 08:00-14:00 / 16:30-19:30 | Miércoles 08:00-14:00 / 16:30-19:30 | Jueves 08:00-14:00 / 16:30-19:30 | Viernes 08:00-14:00 / 16:30-19:30 | Sábado Cerrado | Domingo Cerrado;high;Sumirec Automoción y Agrícola;google-business;2026-09-21;;verified;11;15;Lunes;18:07;Abierto · cierra 19:30
148;ANTONIO JOSE ZAMBRANA ASENCIO;ANTONIO JOSE ZAMBRANA ASENCIO;P.E. LA RED NORTE C/ LA RED TREINTA Y CUATRO, 41500, Alcala De Guadaira, Sevilla, España;Alcala De Guadaira;41500;NO VERIFICADO;unknown;;public-search;2026-09-21;No se ha encontrado un horario público inequívoco para esta ficha. Confirmar antes de visitar.;unknown;12;8;Martes;11:49;Horario no verificado · confirmar antes
147;AUTORECAMBIOS AMATE;Francisco Morera Flor;Avenida Carlos Marx Edificio Amate 1 Local 10b (AUTORECAMBIOS AMATE), 41006, Sevilla, Sevilla, España;Sevilla;41006;Lunes 09:30-14:00 / 16:30-20:00 | Martes 09:30-14:00 / 16:30-20:00 | Miércoles 09:30-14:00 / 16:30-20:00 | Jueves 09:30-14:00 / 16:30-20:00 | Viernes 09:30-14:00 / 16:30-20:00 | Sábado Cerrado | Domingo Cerrado;high;Andel Autorecambios Amate;google-maps;2026-09-21;;verified;3;12;Miércoles;13:15;Abierto · cierra 14:00
144;JULIO COPADO ANDUJAR;JULIO COPADO ANDUJAR;Avenida DE LA ASUNCION, 36 LOCAL 1, 41530, Moron De La Frontera, Sevilla, España;Moron De La Frontera;41530;Lunes 09:00-14:00 / 16:30-19:30 | Martes 09:00-14:00 / 16:30-19:30 | Miércoles 09:00-14:00 / 16:30-19:30 | Jueves 09:00-14:00 / 16:30-19:30 | Viernes 08:00-14:00 | Sábado Cerrado | Domingo Cerrado;medium;Recambios Copado;google-business;2026-09-21;"Google publica Av. la Asunción 24; fichas nº36.";associated;12;14;Martes;18:17;Abierto · cierra 19:30
143;TALLERES FAUSTINO PRADA, SLU;TALLERES FAUSTINO PRADA, SLU;CTRA DE PEÑAFLOR, 9, 41440, Lora Del Rio, Sevilla, España;Lora Del Rio;41440;Lunes 09:00-14:00 / 16:00-20:00 | Martes 09:00-14:00 / 16:00-20:00 | Miércoles 09:00-14:00 / 16:00-20:00 | Jueves 09:00-14:00 / 16:00-20:00 | Viernes 09:00-14:00 / 16:00-20:00 | Sábado 10:00-13:00 | Domingo Cerrado;high;Talleres Faustino Prada;google-business;2026-09-21;;verified;16;10;Lunes;18:19;Abierto · cierra 20:00
142;ANDALUCIA SIN CARNET, SL (ANDALGROUP);ANDALUCIA SIN CARNET, SL (ANDALGROUP);P.I.CALONGE C/METALURGIA, 53, 41007, Sevilla, Sevilla, España;Sevilla;41007;Lunes 09:00-14:00 / 16:00-19:00 | Martes 09:00-14:00 / 16:00-19:00 | Miércoles 09:00-14:00 / 16:00-19:00 | Jueves 09:00-14:00 / 16:00-19:00 | Viernes 09:00-14:00 / 16:00-19:00 | Sábado Cerrado | Domingo Cerrado;medium;Andalgroup - Coches Sin Carnet;google-maps;2026-09-21;"Google Maps publica Metalurgia 73; la ficha indica 53.";associated;8;6;Miércoles;11:01;Abierto · cierra 14:00
138;LUXURY CARS J&A AUTOMOCION,SC;LUXURY CARS J&A AUTOMOCION,SC;Calle PELAGATOS, 11, 41310, Brenes, Sevilla, España;Brenes;41310;Lunes 07:00-15:00 | Martes 07:00-15:00 | Miércoles 07:00-15:00 | Jueves 07:00-15:00 | Viernes 07:00-15:00 | Sábado Cerrado | Domingo Cerrado;high;Luxury Cars J&A Chapa y Pintura;google-business;2026-09-21;;verified;16;4;Lunes;12:13;Abierto · cierra 15:00
137;SERVICIOS AMARA, SL;SERVICIOS AMARA, SL;Calle JOSE MARIA IBARRA Y GOMEZ RULL, 11, 41007, Sevilla, Sevilla, España;Sevilla;41007;Lunes 07:00-15:00 | Martes 07:00-15:00 | Miércoles 07:00-15:00 | Jueves 07:00-15:00 | Viernes 07:00-15:00 | Sábado Cerrado | Domingo Cerrado;high;JMA Servicios Amara;google-maps;2026-09-21;;verified;3;14;Miércoles;14:16;Abierto · cierra 15:00
135;UTRENINGLASS;UTRENINGLASS;Calle CRISTO DE LOS AFLIGIDOS, 30, 41710, Utrera, Sevilla, España;Utrera;41710;Lunes 08:00-15:00 / 16:00-19:00 | Martes 08:00-14:00 / 16:00-19:00 | Miércoles 08:00-14:00 / 16:00-19:00 | Jueves 08:00-14:00 / 16:00-19:00 | Viernes 08:00-15:00 | Sábado Cerrado | Domingo Cerrado;high;Utretuninglass;official-web;2026-09-21;;verified;5;10;Viernes;13:25;Abierto · cierra 15:00
132;AUTO HOME HUELVA, SL (FUCARAUTO);AUTO HOME HUELVA, SL (FUCARAUTO);Avenida FLOTA DE INDIAS,30, 41011, Sevilla, Sevilla, España;Sevilla;41011;Lunes 07:00-15:00 | Martes 07:00-15:00 | Miércoles 07:00-15:00 | Jueves 07:00-15:00 | Viernes 07:00-15:00 | Sábado Cerrado | Domingo Cerrado;high;Fucarauto / Auto-Home Huelva;official-web;2026-09-21;"La empresa está en Huelva; la dirección de Sevilla de la ficha no parece un taller visitable.";verified;2;14;Martes;14:37;Abierto · cierra 15:00
131;AUTO SUR MORON, SL;AUTO SUR MORON, SL;Avenida DE PRUNA, P.I. BORUJAS 14-15, 41530, Moron De La Frontera, Sevilla, España;Moron De La Frontera;41530;Lunes 09:00-14:00 / 17:00-20:30 | Martes 09:00-14:00 / 17:00-20:30 | Miércoles 09:00-14:00 / 17:00-20:30 | Jueves 09:00-14:00 / 17:00-20:30 | Viernes 09:00-14:00 / 17:00-20:30 | Sábado Cerrado | Domingo Cerrado;high;Autosur Morón;google-business;2026-09-21;;verified;;;;;
130;SUR AUTO EL REFUGIO,SL;SUR AUTO EL REFUGIO,SL;P.I.EL REFUGIO, NAVE 11, 41006, Sevilla, Sevilla, España;Sevilla;41006;Lunes 07:00-15:00 | Martes 07:00-15:00 | Miércoles 07:00-15:00 | Jueves 07:00-15:00 | Viernes 07:00-15:00 | Sábado Cerrado | Domingo Cerrado;high;Sur-Auto El Refugio;google-maps;2026-09-21;;verified;;;;;
129;RECAMBIOS RAM;ADRIAN RODRIGUEZ NARANO;Avenida ALMIRANTE TOPETE, LOCAL E 5, Sevilla, Sevilla, España;Sevilla;;NO VERIFICADO;unknown;;public-search;2026-09-21;No se ha encontrado un horario público inequívoco para esta ficha. Confirmar antes de visitar.;unknown;3;8;Miércoles;11:18;Horario no verificado · confirmar antes
125;TALLERES PACO VALDELVIRA,SL;TALLERES PACO VALDELVIRA,SL;Calle RIO DE JANEIRO, 48, 41701, Dos Hermanas, Sevilla, España;Dos Hermanas;41701;Lunes 07:00-15:00 | Martes 07:00-15:00 | Miércoles 07:00-15:00 | Jueves 07:00-15:00 | Viernes 07:00-15:00 | Sábado Cerrado | Domingo Cerrado;high;Talleres Paco Valdelvira;google-business;2026-09-21;;verified;1;15;Lunes;14:23;Abierto · cierra 15:00
124;JOSE TORRES CALAS-AUTO SPORT LEBRIJA;JOSE TORRES CALAS-AUTO SPORT LEBRIJA;Calle DAMASO ALONSO, 14, 41740, Lebrija, Sevilla, España;Lebrija;41740;Lunes 08:30-14:00 / 16:00-19:30 | Martes 08:30-14:00 / 16:00-19:30 | Miércoles 08:30-14:00 / 16:00-19:30 | Jueves 08:30-14:00 / 16:00-19:30 | Viernes 08:30-14:00 / 16:00-19:30 | Sábado Cerrado | Domingo Cerrado;medium;Auto Sport Lebrija;google-business;2026-09-21;Google publica nº 8, ficha nº 14.;associated;;;;;
123;LOW COST LM EXPRESS, SL;LOW COST LM EXPRESS, SL;PI. EL JUNCAL, PARCELA 4, 41310, Brenes, Sevilla, España;Brenes;41310;Lunes 00:00-24:00 | Martes 00:00-24:00 | Miércoles 00:00-24:00 | Jueves 00:00-24:00 | Viernes 00:00-24:00 | Sábado 00:00-24:00 | Domingo 00:00-24:00;low;LM Express Low Cost;google-business;2026-09-21;"Resultado coincide por teléfono pero aparece como gasolinera; horario no debe considerarse seguro para visita comercial.";associated;15;13;Viernes;20:21;Abierto · cierra 24:00
122;REPLAC;MARIA AMPARO CARNEVALI SANTIGOSA;Calle ARROYO, 23 LOCAL, 41003, Sevilla, Sevilla, España;Sevilla;41003;Lunes 09:30-13:45 / 17:30-19:30 | Martes 09:30-13:45 / 17:30-19:30 | Miércoles 09:30-13:45 / 17:30-19:30 | Jueves 09:30-13:45 / 17:30-19:30 | Viernes 09:30-14:00 | Sábado Cerrado | Domingo Cerrado;high;Replac M Matas placas de matrícula rótulos;google-maps;2026-09-21;;verified;9;8;Jueves;12:00;Abierto · cierra 13:45
119;HINOJOSA MARQUEZ, SL;HINOJOSA MARQUEZ, SL;Avenida DE SEVILLA,59, 41310, Brenes, Sevilla, España;Brenes;41310;Lunes 09:00-14:00 / 17:00-20:00 | Martes 09:00-14:00 / 17:00-20:00 | Miércoles 09:00-14:00 / 17:00-20:00 | Jueves 09:00-14:00 / 17:00-20:00 | Viernes 09:00-14:00 / 17:00-20:00 | Sábado Cerrado | Domingo Cerrado;high;Hinojosa Márquez;google-business;2026-09-21;;verified;10;15;Viernes;17:40;Abierto · cierra 20:00
116;MEGA OCASION,SL;MEGA OCASION,SL;Calle METALURGIA, 99, 41007, Sevilla, Sevilla, España;Sevilla;41007;Lunes 09:30-14:00 / 17:00-20:00 | Martes 09:30-14:00 / 17:00-20:00 | Miércoles 09:30-14:00 / 17:00-20:00 | Jueves 09:30-14:00 / 17:00-20:00 | Viernes 09:30-14:00 / 17:00-20:00 | Sábado 10:00-14:00 | Domingo Cerrado;high;Mega Ocasión Car;google-maps;2026-09-21;;verified;;;;;
115;MANUEL GONZALEZ ROLDAN -AUT. RECAMCAR;MANUEL GONZALEZ ROLDAN -AUT. RECAMCAR;Avenida DOCTOR FEDRIANI, 50 LOCAL, 41009, Sevilla, Sevilla, España;Sevilla;41009;Lunes 09:00-14:00 / 16:30-19:30 | Martes 09:00-14:00 / 16:30-19:30 | Miércoles 09:00-14:00 / 16:30-19:30 | Jueves 09:00-14:00 / 16:30-19:30 | Viernes 09:00-14:00 / 16:30-19:30 | Sábado Cerrado | Domingo Cerrado;high;Auto Recambios Recamcar;google-maps;2026-09-21;;verified;7;12;Martes;13:34;Abierto · cierra 14:00
114;AUTOMARES, SL;AUTOMARES, SL;CTRA. SU EMINENCIA,26, 41006, Sevilla, Sevilla, España;Sevilla;41006;Lunes 07:00-18:00 | Martes 07:00-18:00 | Miércoles 07:00-18:00 | Jueves 07:00-18:00 | Viernes 07:00-18:00 | Sábado 09:00-13:00 | Domingo Cerrado;high;Automares Su Eminencia;official-web;2026-09-21;;verified;;;;;
113;ALQUILERES LUNA, SL;ALQUILERES LUNA, SL;Avenida LOS VENTOLINES, 14-16, 41840, Pilas, Sevilla, España;Pilas;41840;Lunes 07:30-14:00 / 17:00-19:30 | Martes 07:30-14:00 / 17:00-19:30 | Miércoles 07:30-14:00 / 17:00-19:30 | Jueves 07:30-14:00 / 17:00-19:30 | Viernes 07:30-14:00 / 17:00-19:30 | Sábado 08:00-13:00 | Domingo Cerrado;high;Alquileres y Suministros Luna;google-business;2026-09-21;;verified;13;12;Miércoles;17:00;Apertura 17:00 · cierra 19:30
110;ALBERT CABRERA SANCHEZ;ALBERT CABRERA SANCHEZ;Avenida DE HYTASA, 73, 41006, Sevilla, Sevilla, España;Sevilla;41006;Lunes 09:00-14:00 / 16:00-20:00 | Martes 09:00-14:00 / 16:00-20:00 | Miércoles 09:00-14:00 / 16:00-20:00 | Jueves 09:00-14:00 / 16:00-20:00 | Viernes 09:00-14:00 / 16:00-20:00 | Sábado 09:00-14:00 | Domingo Cerrado;high;Auto Repuestos José Luis;google-business;2026-09-21;;verified;3;11;Miércoles;12:46;Abierto · cierra 14:00
109;"ISRAEL SANCHEZ JIMENEZ ""RECAMBIOS ISRAEL""";"ISRAEL SANCHEZ JIMENEZ ""RECAMBIOS ISRAEL""";Calle CROMO, 5, 41007, Sevilla, Sevilla, España;Sevilla;41007;Lunes 08:00-14:30 / 15:30-19:00 | Martes 08:00-14:30 / 15:30-19:00 | Miércoles 08:00-14:30 / 15:30-19:00 | Jueves 08:00-14:30 / 15:30-19:00 | Viernes 08:00-14:30 | Sábado Cerrado | Domingo Cerrado;high;Recambios del Automóvil Israel;web-directory;2026-09-21;;verified;;;;;
105;CASTO JOSE BALERO DURAN-AUTO RECAMBIOS DURAN;CASTO JOSE BALERO DURAN-AUTO RECAMBIOS DURAN;AVD. DE SEVILLA, 22, 41200, Alcala Del Rio, Sevilla, España;Alcala Del Rio;41200;Lunes 09:00-14:00 / 17:00-20:00 | Martes 09:00-14:00 / 17:00-20:00 | Miércoles 09:00-14:00 / 17:00-20:00 | Jueves 09:00-14:00 / 17:00-20:00 | Viernes 09:00-14:00 / 17:00-20:00 | Sábado 09:30-13:00 | Domingo Cerrado;high;Auto Recambios Durán;google-business;2026-09-21;;verified;10;14;Viernes;17:00;Apertura 17:00 · cierra 20:00
104;FIALBA, SL;FIALBA, SL;Avenida DE EUROPA, 1, 41920, San Juan De Aznalfarache, Sevilla, España;San Juan De Aznalfarache;41920;NO VERIFICADO;unknown;;public-search;2026-09-21;No se ha encontrado un horario público inequívoco para esta ficha. Confirmar antes de visitar.;unknown;;;;;
102;REPUESTOS EL TORUÑO, SL;REPUESTOS EL TORUÑO, SL;P.I. ISLA MAYOR NAVE 1, 41140, Isla Mayor, Sevilla, España;Isla Mayor;41140;Lunes 08:00-14:00 / 16:00-20:00 | Martes 08:00-14:00 / 16:00-20:00 | Miércoles 08:00-14:00 / 16:00-20:00 | Jueves 08:00-14:00 / 16:00-20:00 | Viernes 08:00-14:00 / 16:00-20:00 | Sábado 09:00-13:30 | Domingo Cerrado;medium;Repuestos El Toruño;google-business;2026-09-21;"Google publica C. la Estiba, CP 41150; ficha P.I. Isla Mayor Nave 1, CP 41140.";associated;13;14;Miércoles;18:21;Abierto · cierra 20:00
101;JUAN JOSE MEDINA- RECAMBIOS MEDINA;JUAN JOSE MEDINA- RECAMBIOS MEDINA;P.I. EL PILERO C/ CALEROS, 1, 41410, Carmona, Sevilla, España;Carmona;41410;Lunes 08:00-20:00 | Martes 08:00-20:00 | Miércoles 08:00-20:00 | Jueves 08:00-20:00 | Viernes 08:00-20:00 | Sábado 09:00-13:30 | Domingo Cerrado;high;Recambios Medina;official-web;2026-09-21;;verified;;;;;
100;GARRIJERSON, SL;GARRIJERSON, SL;CTRA. SEVILLA-MALAGA KM.11, 41500, Alcala De Guadaira, Sevilla, España;Alcala De Guadaira;41500;Lunes 08:00-14:00 / 15:30-18:30 | Martes 08:00-14:00 / 15:30-18:30 | Miércoles 08:00-14:00 / 15:30-18:30 | Jueves 08:00-14:00 / 15:30-18:30 | Viernes 08:00-14:00 / 15:30-18:30 | Sábado Cerrado | Domingo Cerrado;high;Garrijerson;google-maps;2026-09-21;;verified;4;5;Jueves;09:41;Abierto · cierra 14:00
99;CHAPA Y PINTURA SANTI;DIAZ CUTIÑO SANTIAGO;P.I.LAS CAÑADAS AVD. INDUSTRIA, 17, 41804, Olivares, Sevilla, España;Olivares;41804;NO VERIFICADO;unknown;;public-search;2026-09-21;No se ha encontrado un horario público inequívoco para esta ficha. Confirmar antes de visitar.;unknown;16;2;Lunes;10:47;Horario no verificado · confirmar antes
98;SUMIREC AUTOMOCION Y AGRICOLA, SL;SUMIREC AUTOMOCION Y AGRICOLA, SL;Calle PIO X, Nº 70, 41804, Olivares, Sevilla, España;Olivares;41804;Lunes 08:00-14:00 / 16:30-19:30 | Martes 08:00-14:00 / 16:30-19:30 | Miércoles 08:00-14:00 / 16:30-19:30 | Jueves 08:00-14:00 / 16:30-19:30 | Viernes 08:00-14:00 / 16:30-19:30 | Sábado Cerrado | Domingo Cerrado;high;Sumirec Automoción y Agrícola;google-business;2026-09-21;;verified;;;;;
95;CAYSA MOVIL, SL;CAYSA MOVIL, SL;Avenida EXTREMADURA 5 Y 7, 41900, Camas, Sevilla, España;Camas;41900;Lunes 07:30-17:30 | Martes 07:30-17:30 | Miércoles 07:30-17:30 | Jueves 07:30-17:30 | Viernes 07:30-17:30 | Sábado Cerrado | Domingo Cerrado;high;Caysa Móvil taller;official-web;2026-09-21;;verified;9;2;Jueves;08:28;Abierto · cierra 17:30
94;RAUL SALVATIERRA DOMINGUEZ;RAUL SALVATIERRA DOMINGUEZ;Calle SIERRA DE TEJADA S/N, 41110, Bollullos De La Mitacion, Sevilla, España;Bollullos De La Mitacion;41110;Lunes 09:00-14:00 / 16:30-20:00 | Martes 09:00-14:00 / 16:30-20:00 | Miércoles 09:00-14:00 / 16:30-20:00 | Jueves 09:00-14:00 / 16:30-20:00 | Viernes 09:00-14:00 / 16:30-20:00 | Sábado 10:00-13:30 | Domingo Cerrado;medium;Recambios Salvatierra;google-business;2026-09-21;"Google publica Sierras de Tejada 21; ficha s/n.";associated;13;7;Miércoles;13:30;Abierto · cierra 14:00
93;JOSE RAMOS FERNANDEZ-TALLERES RAMOS;JOSE RAMOS FERNANDEZ-TALLERES RAMOS;P.I.LOS MANANTIALES, 11 NAVE 41, 41370, Cazalla De La Sierra, Sevilla, España;Cazalla De La Sierra;41370;NO VERIFICADO;medium;Talleres Ramos;google-business;2026-09-21;Google confirma negocio y teléfono, sin horario.;unknown;18;6;Miércoles;12:28;Horario no verificado · confirmar antes
92;CUBERO CAMARGO, SC;CUBERO CAMARGO, SC;P.I. EL LAGAR, 30 APARTADO CORREOS Nº18, 41370, Cazalla De La Sierra, Sevilla, España;Cazalla De La Sierra;41370;NO VERIFICADO;medium;Cubero Camargo;google-business;2026-09-21;Google confirma negocio y móvil, sin horario.;unknown;18;5;Miércoles;11:59;Horario no verificado · confirmar antes
91;BASILIO MATEO REY- RECAMBIOS MR;BASILIO MATEO REY- RECAMBIOS MR;ALCALDE JUSTO PADILLA BURGOS, 4, 41210, Guillena, Sevilla, España;Guillena;41210;Lunes 09:00-14:00 / 17:00-20:00 | Martes 09:00-14:00 / 17:00-20:00 | Miércoles 09:00-14:00 / 17:00-20:00 | Jueves 09:00-14:00 / 17:00-20:00 | Viernes 09:00-14:00 / 17:00-20:00 | Sábado 09:00-13:00 | Domingo Cerrado;medium;Autorepuestos M.R. Guillena;google-business;2026-09-21;"Google publica C. Dr. Antonio González 4; las fichas tienen otras direcciones.";associated;;;;;
90;SANTIAGO RUIZ GUTIERREZ (RECAMB. LOWCOST);SANTIAGO RUIZ GUTIERREZ (RECAMB. LOWCOST);Avenida DE LA BARZOLA, 40 LOCAL 2, 41008, Sevilla, Sevilla, España;Sevilla;41008;Lunes 09:00-14:00 / 16:30-20:00 | Martes 09:00-14:00 / 16:30-20:00 | Miércoles 09:00-14:00 / 16:30-20:00 | Jueves 09:00-14:00 / 16:30-20:00 | Viernes 09:00-14:00 / 16:30-20:00 | Sábado 10:00-13:00 | Domingo Cerrado;high;Recambios Low Cost;official-web;2026-09-21;;verified;8;11;Miércoles;13:26;Abierto · cierra 14:00
89;EZEQUIEL LOPEZ BAREA-AUTORECAMBIOS BAREA;EZEQUIEL LOPEZ BAREA-AUTORECAMBIOS BAREA;Calle INDONESIA, 4, 41020, Sevilla, Sevilla, España;Sevilla;41020;Lunes 09:00-14:00 / 16:30-19:30 | Martes 09:00-14:00 / 16:30-19:30 | Miércoles 09:00-14:00 / 16:30-19:30 | Jueves 09:00-14:00 / 16:30-19:30 | Viernes 09:00-14:00 / 16:30-19:30 | Sábado Cerrado | Domingo Cerrado;medium;Cecauto Auto Recambios Barea;google-maps;2026-09-21;"La ficha original indica C. Indonesia 4; confirmar número.";associated;8;2;Miércoles;09:00;Apertura 09:00 · cierra 14:00
88;RAFAEL RICO ROLDAN-AUTOREPUESTOS POLIVISO;RAFAEL RICO ROLDAN-AUTOREPUESTOS POLIVISO;Calle CARPINTEROS, 81, 41520, El Viso Del Alcor, Sevilla, España;El Viso Del Alcor;41520;Lunes 08:00-14:00 / 16:00-19:00 | Martes 08:00-14:00 / 16:00-19:00 | Miércoles 08:00-14:00 / 16:00-19:00 | Jueves 08:00-14:00 / 16:00-19:00 | Viernes 08:00-14:00 / 16:00-19:00 | Sábado 09:00-13:00 | Domingo Cerrado;high;Poliviso Autorepuestos;google-business;2026-09-21;;verified;5;14;Viernes;16:00;Apertura 16:00 · cierra 19:00
85;FRANCISCO MONTILLA GARCIA-TALLERES MONTILLA;FRANCISCO MONTILLA GARCIA-TALLERES MONTILLA;CTRA.LA ISLA, 21 BDA. FUENTE DEL REY, 41703, Dos Hermanas, Sevilla, España;Dos Hermanas;41703;Lunes 08:00-14:00 / 15:00-18:00 | Martes 08:00-14:00 / 15:00-18:00 | Miércoles 08:00-14:00 / 15:00-18:00 | Jueves 08:00-14:00 / 15:00-18:00 | Viernes 07:00-15:00 | Sábado Cerrado | Domingo Cerrado;high;Talleres Montilla;google-business;2026-09-21;;verified;3;2;Miércoles;08:12;Abierto · cierra 14:00
84;COMERCIAL DE RECAMBIOS CASTILLA 21;COMERCIAL DE RECAMBIOS CASTILLA 21;POETA MUÑOZ SAN ROMAN, 21, 41900, Camas, Sevilla, España;Camas;41900;Lunes 08:30-14:00 / 16:00-20:00 | Martes 08:30-14:00 / 16:00-20:00 | Miércoles 08:30-14:00 / 16:00-20:00 | Jueves 08:30-14:00 / 16:00-20:00 | Viernes 08:30-14:00 / 16:00-20:00 | Sábado 09:00-13:00 | Domingo Cerrado;high;Auto Recambios Castilla;google-business;2026-09-21;;verified;9;3;Jueves;08:57;Abierto · cierra 14:00
81;AGROROSCA S.C.A.;AGROROSCA S.C.A.;Avenida DEL COMERCIO,15, 41520, El Viso Del Alcor, Sevilla, España;El Viso Del Alcor;41520;Lunes 08:00-20:00 | Martes 08:00-20:00 | Miércoles 08:00-20:00 | Jueves 08:00-20:00 | Viernes 08:00-20:00 | Sábado 08:00-02:00 | Domingo Cerrado;low;Agrorosca SCA;google-business;2026-09-21;"Horario de sábado anómalo en Google; no usar como horario seguro fuera de L-V.";associated;5;13;Viernes;15:25;Abierto · cierra 20:00
76;REPUESTOS RODRIGUEZ DF SL;REPUESTOS RODRIGUEZ DF SL;Calle HERRERO, 2, 41420, Fuentes De Andalucia, Sevilla, España;Fuentes De Andalucia;41420;Lunes 08:30-14:00 / 16:30-19:30 | Martes 08:30-14:00 / 16:30-19:30 | Miércoles 08:30-14:00 / 16:30-19:30 | Jueves 08:30-14:00 / 16:30-19:30 | Viernes 08:30-14:00 / 16:30-19:30 | Sábado 09:00-13:30 | Domingo Cerrado;high;Repuestos Rodríguez DF;google-business;2026-09-21;;verified;17;6;Martes;13:18;Abierto · cierra 14:00
75;TECNICAS Y SERVICIOS DE AUTOMOCION, S.A. (TYSA);TECNICAS Y SERVICIOS DE AUTOMOCION, S.A. (TYSA);C. del Motor, 11, 41007, Sevilla, Sevilla, España;Sevilla;41007;Lunes 09:00-13:30 / 16:30-20:30 | Martes 09:00-13:30 / 16:30-20:30 | Miércoles 09:00-13:30 / 16:30-20:30 | Jueves 09:00-13:30 / 16:30-20:30 | Viernes 09:00-13:30 / 16:30-20:30 | Sábado 10:00-14:00 | Domingo Cerrado;high;TYSA Ford Sevilla;google-business;2026-09-21;La dirección pública actual difiere de la histórica C. del Motor, 7.;verified;;;;;
74;AUTORECAMBIOS ESCOBAR, SL;AUTORECAMBIOS ESCOBAR, SL;P.I.CALONGE, C/RODIO, 15, 41007, Sevilla, Sevilla, España;Sevilla;41007;Lunes 09:00-14:00 / 16:00-20:00 | Martes 09:00-14:00 / 16:00-20:00 | Miércoles 09:00-14:00 / 16:00-20:00 | Jueves 09:00-14:00 / 16:00-20:00 | Viernes 09:00-14:00 / 16:00-20:00 | Sábado Cerrado | Domingo Cerrado;high;Autorecambios Escobar / Resco;web-directory;2026-09-21;"Coinciden dirección, teléfono y móvil con Resco Autorecambios; se aplica el mismo horario público.";verified;6;5;Lunes;09:58;Abierto · cierra 14:00
73;MELCHOR DIAZ SERRANO;MELCHOR DIAZ SERRANO;Calle ANTONIO MACHADO, 1, 41420, Fuentes De Andalucia, Sevilla, España;Fuentes De Andalucia;41420;Lunes 09:00-14:00 / 16:00-20:00 | Martes 09:00-14:00 / 16:00-20:00 | Miércoles 09:00-14:00 / 16:00-20:00 | Jueves 09:00-14:00 / 16:00-20:00 | Viernes 09:00-14:00 / 16:00-20:00 | Sábado 09:00-13:30 | Domingo Cerrado;high;Taller Melchor;google-business;2026-09-21;;verified;16;11;Lunes;19:16;Abierto · cierra 20:00
72;GARAJE 76;GARAJE 76 - NO TRABAJA YA;Calle SIROCO, 25, 41702, Dos Hermanas, Sevilla, España;Dos Hermanas;41702;Lunes 07:00-15:00 | Martes 07:00-15:00 | Miércoles 07:00-15:00 | Jueves 07:00-15:00 | Viernes 07:00-13:00 | Sábado Cerrado | Domingo Cerrado;high;Garaje 76;google-business;2026-09-21;;verified;;;;;
69;DAVID COMESAÑA SANCHEZ;DAVID COMESAÑA SANCHEZ;Calle HOLANDA, 23 NAVE 1, 41500, Alcala De Guadaira, Sevilla, España;Alcala De Guadaira;41500;NO VERIFICADO;unknown;;public-search;2026-09-21;No se ha encontrado un horario público inequívoco para esta ficha. Confirmar antes de visitar.;unknown;12;7;Martes;11:20;Horario no verificado · confirmar antes
68;JAFERAUTO AUTOMOCIÓN, S.L.;JAFERAUTO AUTOMOCIÓN, S.L.;Calle TERMODINAMICA, 19, 41015, Sevilla, Sevilla, España;Sevilla;41015;Lunes 07:00-15:00 | Martes 07:00-15:00 | Miércoles 07:00-15:00 | Jueves 07:00-15:00 | Viernes 07:00-15:00 | Sábado Cerrado | Domingo Cerrado;high;Jaferauto;google-maps;2026-09-21;;verified;10;11;Viernes;13:59;Abierto · cierra 15:00
67;FERVIAL AUTOMOCION, S.A.;FERVIAL AUTOMOCION, S.A.;Avenida KANSAS CITY S/N, 41007, Sevilla, Sevilla, España;Sevilla;41007;Lunes 07:00-18:00 | Martes 07:00-18:00 | Miércoles 07:00-18:00 | Jueves 07:00-18:00 | Viernes 07:00-18:00 | Sábado 08:00-13:00 | Domingo Cerrado;high;Fervial Automoción;official-web;2026-09-21;;verified;;;;;
66;VIPCONCESUR;VIPCONCESUR;ACC SEVILLA-MALAGA KM.5.5, 41500, Alcala De Guadaira, Sevilla, España;Alcala De Guadaira;41500;Lunes 08:00-18:00 | Martes 08:00-18:00 | Miércoles 08:00-18:00 | Jueves 08:00-18:00 | Viernes 08:00-18:00 | Sábado Cerrado | Domingo Cerrado;medium;Concesur Alcalá de Guadaíra;official-web;2026-09-21;"Horario del centro/taller Concesur; confirmar departamento exacto.";associated;4;15;Jueves;14:31;Abierto · cierra 18:00
62;AUTOMOVILES Y V.INDUSTRIALES, SA;AUTOMOVILES Y V.INDUSTRIALES, SA;FERNANDEZ MURUBE, 32, 41007, Sevilla, Sevilla, España;Sevilla;41007;Lunes 09:00-14:00 / 16:30-20:30 | Martes 09:00-14:00 / 16:30-20:30 | Miércoles 09:00-14:00 / 16:30-20:30 | Jueves 09:00-14:00 / 16:30-20:30 | Viernes 09:00-14:00 / 16:30-20:30 | Sábado 10:00-14:00 | Domingo Cerrado;high;Automóviles y Vehículos Industriales / AVISA;google-business;2026-09-21;;verified;6;4;Lunes;09:29;Abierto · cierra 14:00
60;CONCESUR, S.A.;CONCESUR, S.A.;AUTOVIA A-92, 41500, Alcala De Guadaira, Sevilla, España;Alcala De Guadaira;41500;Lunes 08:00-18:00 | Martes 08:00-18:00 | Miércoles 08:00-18:00 | Jueves 08:00-18:00 | Viernes 08:00-18:00 | Sábado Cerrado | Domingo Cerrado;medium;Concesur Alcalá de Guadaíra;official-web;2026-09-21;"Horario del centro/taller Concesur; confirmar departamento exacto.";associated;4;14;Jueves;14:02;Abierto · cierra 18:00
59;AUTO RECAMBIOS FRAN SICILIA,SLU;AUTO RECAMBIOS FRAN SICILIA,SLU;P.I. La Estrella, C. Carnicero, 16, 41100, Coria del Río, Sevilla, España;Coria del Río;41100;Lunes 09:00-14:00 / 16:00-20:00 | Martes 09:00-14:00 / 16:00-20:00 | Miércoles 09:00-14:00 / 16:00-20:00 | Jueves 09:00-14:00 / 16:00-20:00 | Viernes 09:00-14:00 / 16:00-20:00 | Sábado 09:00-13:00 | Domingo Cerrado;high;AutoRecambios Fran Sicilia;google-business;2026-09-21;;verified;5;2;Viernes;09:00;Apertura 09:00 · cierra 14:00
58;SYTASA;SYTASA;P.I.CTRA.AMARILLA C/ ECONOMIA, 7, 41007, Sevilla, Sevilla, España;Sevilla;41007;Lunes 07:30-18:00 | Martes 07:30-18:00 | Miércoles 07:30-18:00 | Jueves 07:30-18:00 | Viernes 07:30-14:30 | Sábado Cerrado | Domingo Cerrado;high;Vialsur Sytasa;official-web;2026-09-21;;verified;6;3;Lunes;09:00;Abierto · cierra 18:00
57;AUTOS PISA, SL;AUTOS PISA, SL;P.E.PARQUE PLATA C/RUTA DE LA PLATA, 3, 41900, Camas, Sevilla, España;Camas;41900;NO VERIFICADO;medium;Autos Pisa S.L.;google-business;2026-09-21;Google confirmó entidad/dirección, sin horario publicado.;unknown;9;4;Jueves;10:00;Horario no verificado · confirmar antes
55;HIPERRECAMBIOS ANDALUCIA, SL;HIPERRECAMBIOS ANDALUCIA, SL;CTRA. VILLANUEVA DEL ARISCAL-OLIVARES KM 3, 41804, Olivares, Sevilla, España;Olivares;41804;Lunes 09:00-13:30 / 17:00-19:00 | Martes 09:00-13:30 / 17:00-19:00 | Miércoles 09:00-13:30 / 17:00-19:00 | Jueves 09:00-13:30 / 17:00-19:00 | Viernes 09:00-13:30 / 16:00-17:30 | Sábado Cerrado | Domingo Cerrado;high;Hiperrecambios Andalucía;google-business;2026-09-21;;verified;11;14;Lunes;17:38;Abierto · cierra 19:00
52;ALCALA AUTOMOTOR, SL;ALCALA AUTOMOTOR, SL;P.EMPRESARIAL POLYSOL C/POLYSOL UNO, 6, 41500, Alcala De Guadaira, Sevilla, España;Alcala De Guadaira;41500;Lunes 08:30-14:00 / 14:30-17:30 | Martes 08:30-14:00 / 14:30-17:30 | Miércoles 08:30-14:00 / 14:30-17:30 | Jueves 08:30-14:00 / 14:30-17:30 | Viernes 08:30-14:30 | Sábado Cerrado | Domingo Cerrado;high;Alcalá Automotor · Servicio Oficial Eurorepar;official-web;2026-09-21;"La web oficial publica Polysol Uno 4; la ficha indica 6.";verified;4;3;Jueves;08:43;Abierto · cierra 14:00
51;GUADAIRA MOVIL 2001, SL;GUADAIRA MOVIL 2001, SL;P.EMPRESARIAL POLYSOL C/POLYSOL UNO, 6, 41500, Alcala De Guadaira, Sevilla, España;Alcala De Guadaira;41500;Lunes 09:00-14:00 / 16:30-20:30 | Martes 09:00-14:00 / 16:30-20:30 | Miércoles 09:00-14:00 / 16:30-20:30 | Jueves 09:00-14:00 / 16:30-20:30 | Viernes 09:00-14:00 / 16:30-20:30 | Sábado 09:30-13:30 | Domingo Cerrado;high;Guadaíra Móvil 2001;google-maps;2026-09-21;;verified;4;4;Jueves;09:12;Abierto · cierra 14:00
49;AUTOS BARONA, SL;AUTOS BARONA, SL;Avenida GUADALQUIVIR S/N, 41320, Cantillana, Sevilla, España;Cantillana;41320;Lunes 08:30-14:00 / 16:00-20:30 | Martes 08:30-14:00 / 16:00-20:30 | Miércoles 08:30-14:00 / 16:00-20:30 | Jueves 08:30-14:00 / 16:00-20:30 | Viernes 08:30-14:00 / 16:00-20:30 | Sábado Cerrado | Domingo Cerrado;medium;Auto Barona Sevilla;google-business;2026-09-21;"Google publica Av. Guadalquivir 105; ficha s/n.";associated;16;8;Lunes;16:00;Apertura 16:00 · cierra 20:30
48;NIMO GORDILLO LUXURY, SL;NIMO GORDILLO LUXURY, SL;Avenida MONTESIERRA, 3, 41007, Sevilla, Sevilla, España;Sevilla;41007;Lunes 10:00-14:00 / 16:30-20:30 | Martes 10:00-14:00 / 16:30-20:30 | Miércoles 10:00-14:00 / 16:30-20:30 | Jueves 10:00-14:00 / 16:30-20:30 | Viernes 10:00-14:00 / 16:30-20:30 | Sábado 10:00-13:30 | Domingo Cerrado;medium;Lexus Sevilla / Nimo Gordillo;google-business;2026-09-21;"Horario del centro que coincide con la dirección; confirmar departamento/razón social.";associated;6;12;Lunes;13:21;Abierto · cierra 14:00
46;TRANSPORTES URBANOS DE SEVILLA, S. A.M.;TRANSPORTES URBANOS DE SEVILLA, S. A.M.;P.I.CARRETERA AMARILLA AVDA. DE ANDALUCIA,11, 41007, Sevilla, Sevilla, España;Sevilla;41007;Lunes 08:30-14:30 | Martes 08:30-14:30 | Miércoles 08:30-14:30 | Jueves 08:30-14:30 | Viernes 08:30-14:30 | Sábado Cerrado | Domingo Cerrado;medium;Atención al cliente TUSSAM;google-maps;2026-09-21;"Horario del punto de atención; confirmar departamento del contacto.";associated;3;13;Miércoles;13:47;Abierto · cierra 14:30
45;ARPEMAR, S.C.A.;ARPEMAR, S.C.A.;Calle LA LUZ, 1, 41650, El Saucejo, Sevilla, España;El Saucejo;41650;Lunes 09:00-14:00 / 16:30-19:30 | Martes 09:00-14:00 / 16:30-19:30 | Miércoles 09:00-14:00 / 16:30-19:30 | Jueves 09:00-14:00 / 16:30-19:30 | Viernes 09:00-14:00 / 16:30-19:30 | Sábado Cerrado | Domingo Cerrado;medium;Recambios El Saucejo;google-business;2026-09-21;"Fichas ARPEMAR comparten datos; Google muestra C. Alberquilla 10 frente a C. La Luz 1.";associated;18;10;Miércoles;18:27;Abierto · cierra 19:30
44;EFAMOA,SL;EFAMOA, SL;C. Metalurgia, 23, 41007, Sevilla, Sevilla, España;Sevilla;41007;Lunes 08:00-14:00 / 15:00-18:30 | Martes 08:00-14:00 / 15:00-18:30 | Miércoles 08:00-14:00 / 15:00-18:30 | Jueves 08:00-14:00 / 15:00-18:30 | Viernes 07:00-15:00 | Sábado Cerrado | Domingo Cerrado;high;Efamoa;official-web;2026-09-21;La sede pública actual difiere de Aviación 73.;verified;6;2;Lunes;08:31;Abierto · cierra 14:00
35;MANUEL SANCHEZ AGUILAR, SL - TALLERES VILLAUTO;MANUEL SANCHEZ AGUILAR, SL - TALLERES VILLAUTO;P.I.LA CAMPIÑA, PARC 16 C/ ISLAS CANARIAS, 41400, Ecija, Sevilla, España;Ecija;41400;Lunes 08:00-14:00 / 16:00-18:00 | Martes 08:00-14:00 / 16:00-18:00 | Miércoles 08:00-14:00 / 16:00-18:00 | Jueves 08:00-14:00 / 16:00-18:00 | Viernes 08:00-14:00 / 16:00-18:00 | Sábado Cerrado | Domingo Cerrado;medium;Talleres Villauto;google-business;2026-09-21;"Google publica parcela/nº2; ficha parcela 16.";associated;17;9;Martes;16:00;Apertura 16:00 · cierra 18:00
34;GRUPO P&P AUTOMOVILES 2004;GRUPO P&P AUTOMOVILES 2004;Calle DUQUESA DE TALAVERA, Nº 1 LOCAL, 41500, Alcala De Guadaira, Sevilla, España;Alcala De Guadaira;41500;Lunes Cerrado | Martes 10:00-14:00 / 17:00-20:30 | Miércoles 10:00-14:00 / 17:00-20:30 | Jueves 10:00-14:00 / 17:00-20:30 | Viernes 10:00-14:00 / 17:00-20:30 | Sábado 10:00-13:30 | Domingo Cerrado;medium;P&P Automóviles;google-maps;2026-09-21;"Dirección pública distinta a la ficha; confirmar antes de visitar.";associated;4;11;Jueves;12:35;Abierto · cierra 14:00
33;TURMAS CONSILIUM MOTOR,SLU;TURMAS CONSILIUM MOTOR,SLU;Av. de Andalucía, s/n, 41530, Morón de la Frontera, Sevilla, España;Morón de la Frontera;41530;Lunes 08:30-14:00 / 15:30-20:00 | Martes 08:30-14:00 / 15:30-20:00 | Miércoles 08:30-14:00 / 15:30-20:00 | Jueves 08:30-14:00 / 15:30-20:00 | Viernes 08:30-14:00 / 15:30-20:00 | Sábado 10:00-14:00 | Domingo Cerrado;high;Taller Turmas Consilium Motor;google-business;2026-09-21;;verified;12;13;Martes;17:48;Abierto · cierra 20:00
32;JUAN MARIA MORENO COBOS;JUAN MARIA MORENO COBOS;Calle JOSE PAYAN, 78, 41900, Camas, Sevilla, España;Camas;41900;NO VERIFICADO;unknown;;public-search;2026-09-21;No se ha encontrado un horario público inequívoco para esta ficha. Confirmar antes de visitar.;unknown;9;6;Jueves;10:58;Horario no verificado · confirmar antes
31;MANUEL RODRIGUEZ SANCHEZ;MANUEL RODRIGUEZ SANCHEZ;LAS ALMENAS 9, 8ºB, 41015, Sevilla, Sevilla, España;Sevilla;41015;NO VERIFICADO;unknown;;public-search;2026-09-21;No se ha encontrado un horario público inequívoco para esta ficha. Confirmar antes de visitar.;unknown;11;4;Lunes;10:00;Horario no verificado · confirmar antes
30;MANUEL MUÑOZ BORGE;MANUEL MUÑOZ BORGE;Calle ALCALA DEL RIO, 2, 41500, Alcala De Guadaira, Sevilla, España;Alcala De Guadaira;41500;NO VERIFICADO;unknown;;public-search;2026-09-21;No se ha encontrado un horario público inequívoco para esta ficha. Confirmar antes de visitar.;unknown;12;6;Martes;10:51;Horario no verificado · confirmar antes
25;SEVILEDRO, SL;SEVILEDRO, SL;CTRA PEÑAFLOR, 14, 41440, Lora Del Rio, Sevilla, España;Lora Del Rio;41440;NO VERIFICADO;medium;Concesionario Renault Seviledro;google-business;2026-09-21;Google confirma negocio/dirección, sin horario.;unknown;17;4;Martes;11:45;Horario no verificado · confirmar antes
24;FRANCISCO LEON, SL;FRANCISCO LEON, SL;P.I. POLIVISO C/ PANADEROS PARC 13 Y 14, 41520, El Viso Del Alcor, Sevilla, España;El Viso Del Alcor;41520;Lunes 07:30-15:00 | Martes 07:30-15:00 | Miércoles 07:30-15:00 | Jueves 07:30-15:00 | Viernes 07:30-15:00 | Sábado Cerrado | Domingo Cerrado;high;Francisco León Chapa y Pintura;google-business;2026-09-21;;verified;12;3;Martes;09:06;Abierto · cierra 15:00
23;TALLERES CAJITA;JOSE LUIS MORENO LUNA;Calle CIUDAD REAL, 17, 41500, Alcala De Guadaira, Sevilla, España;Alcala De Guadaira;41500;Lunes 08:00-14:00 / 15:00-18:00 | Martes 08:00-14:00 / 15:00-18:00 | Miércoles 08:00-14:00 / 15:00-18:00 | Jueves 08:00-14:00 / 15:00-18:00 | Viernes 07:00-15:00 | Sábado Cerrado | Domingo Cerrado;high;Talleres Cajita;official-web;2026-09-21;"La ficha indica nº17; la web oficial publica nº15 y una segunda sede en C. Orense 2A.";verified;4;2;Jueves;08:14;Abierto · cierra 14:00
22;AUTO ALCORES MULTIMARCAS, SL;AUTO ALCORES MULTIMARCAS, SL;P.I. FUENTESOL, 17, 41510, Mairena Del Alcor, Sevilla, España;Mairena Del Alcor;41510;Lunes 07:00-15:00 | Martes 07:00-15:00 | Miércoles 07:00-15:00 | Jueves 07:00-15:00 | Viernes 07:00-15:00 | Sábado Cerrado | Domingo Cerrado;medium;Auto Alcores Multimarca;google-business;2026-09-21;"Google publica C. Fuentecañada 23, El Viso del Alcor; ficha P.I. Fuentesol 17, Mairena.";associated;12;1;Martes;08:00;Abierto · cierra 15:00
21;TALLERES CELU,SL-baja;TALLERES CELU,SL;JUAN PASTOR EL BARBERO, 69, 41500, Alcala De Guadaira, Sevilla, España;Alcala De Guadaira;41500;Lunes 07:00-15:00 | Martes 07:00-15:00 | Miércoles 07:00-15:00 | Jueves 07:00-15:00 | Viernes 07:00-15:00 | Sábado Cerrado | Domingo Cerrado;high;Talleres Celu;google-maps;2026-09-21;;verified;;;;;
16;CHAPA Y PINTURA MOTOAUTO HIJOS, SL;CHAPA Y PINTURA MOTOAUTO HIJOS, SL;P.I. EL MANCHON C/SAN ROQUE, 265, 41940, Tomares, Sevilla, España;Tomares;41940;Lunes 08:00-16:00 | Martes 08:00-16:00 | Miércoles 08:00-16:00 | Jueves 08:00-16:00 | Viernes 08:00-16:00 | Sábado Cerrado | Domingo Cerrado;high;Motoauto Hijos;google-business;2026-09-21;;verified;2;15;Martes;15:12;Abierto · cierra 16:00
15;RUES AUTOMOCION, SL;RUES AUTOMOCION, SL;Avenida DE EXTREMADURA, 9, 41900, Camas, Sevilla, España;Camas;41900;NO VERIFICADO;unknown;;public-search;2026-09-21;No se ha encontrado un horario público inequívoco para esta ficha. Confirmar antes de visitar.;unknown;9;5;Jueves;10:29;Horario no verificado · confirmar antes
11;DIVISA AUTOMOCION, SL;DIVISA AUTOMOCION, SL;Calle JARDIN DE LA ISLA, 4 ACC-A, 41014, Sevilla, Sevilla, España;Sevilla;41014;Lunes 09:00-14:30 / 16:30-20:30 | Martes 09:00-14:30 / 16:30-20:30 | Miércoles 09:00-14:30 / 16:30-20:30 | Jueves 09:00-14:30 / 16:30-20:30 | Viernes 09:00-14:30 / 16:30-20:30 | Sábado 10:00-13:30 | Domingo Cerrado;high;Divisa Automoción;web-directory;2026-09-21;;verified;2;13;Martes;14:01;Abierto · cierra 14:30
9;MERCAUTO RCA, S.A.;MERCAUTO RCA, S.A.;P.IND. CALONGE C/ METALURGIA, 7, 41007, Sevilla, Sevilla, España;Sevilla;41007;NO VERIFICADO;unknown;;public-search;2026-09-21;No se ha encontrado un horario público inequívoco para esta ficha. Confirmar antes de visitar.;unknown;;;;;
6;AGRIAUTO EL TORNO, SL;AGRIAUTO EL TORNO, SL;P.I. EL TORNO C/ RONDA DE LOS TORNEROS, 39, 41710, Utrera, Sevilla, España;Utrera;41710;Lunes 07:00-15:00 | Martes 07:00-15:00 | Miércoles 07:00-15:00 | Jueves 07:00-15:00 | Viernes 07:00-15:00 | Sábado Cerrado | Domingo Cerrado;medium;Agriauto El Torno;google-business;2026-09-21;"Coincide nombre y teléfono; Google publica nº 51 frente a nº 39 del fichero.";associated;5;11;Viernes;13:54;Abierto · cierra 15:00
3;NIMO GORDILLO AUTOMOVILES S.A.;NIMO GORDILLO AUTOMOVILES S.A.;P.I. CARRETERA AMARILLA AVDA. FERNANDEZ MURUBE 34, 41007, Sin Población En Origen · Revisar, Sevilla, España;Sin Población En Origen · Revisar;41007;Lunes 07:00-18:00 | Martes 07:00-18:00 | Miércoles 07:00-18:00 | Jueves 07:00-18:00 | Viernes 07:00-15:00 | Sábado Cerrado | Domingo Cerrado;high;Toyota Nimo Gordillo · Taller Carretera Amarilla;google-maps;2026-09-21;;verified;3;15;Miércoles;14:45;Abierto · cierra 18:00
